V0811 18:11:44.902000 1217780 torch/_dynamo/symbolic_convert.py:611] [0/0] [__graph_breaks] Graph break in user code at <reference>:187
V0811 18:11:44.902000 1217780 torch/_dynamo/symbolic_convert.py:611] [0/0] [__graph_breaks] Graph Break Reason: Data-dependent branching
V0811 18:11:44.902000 1217780 torch/_dynamo/symbolic_convert.py:611] [0/0] [__graph_breaks]   Explanation: Detected data-dependent branching (e.g. `if my_tensor.sum() > 0:`). Dynamo does not support tracing dynamic control flow.
V0811 18:11:44.902000 1217780 torch/_dynamo/symbolic_convert.py:611] [0/0] [__graph_breaks]   Hint: This graph break is fundamental - it is unlikely that Dynamo will ever be able to trace through your code. Consider finding a workaround.
V0811 18:11:44.902000 1217780 torch/_dynamo/symbolic_convert.py:611] [0/0] [__graph_breaks]   Hint: Use `torch.cond` to express dynamic control flow.
V0811 18:11:44.902000 1217780 torch/_dynamo/symbolic_convert.py:611] [0/0] [__graph_breaks] 
V0811 18:11:44.902000 1217780 torch/_dynamo/symbolic_convert.py:611] [0/0] [__graph_breaks]   Developer debug context: attempted to jump with TensorVariable()
V0811 18:11:44.902000 1217780 torch/_dynamo/symbolic_convert.py:611] [0/0] [__graph_breaks] 
V0811 18:11:44.902000 1217780 torch/_dynamo/symbolic_convert.py:611] [0/0] [__graph_breaks]  For more details about this graph break, please visit: https://meta-pytorch.github.io/compile-graph-break-site/gb/gb0170.html
V0811 18:11:44.902000 1217780 torch/_dynamo/symbolic_convert.py:611] [0/0] [__graph_breaks] User code traceback:
V0811 18:11:44.902000 1217780 torch/_dynamo/symbolic_convert.py:611] [0/0] [__graph_breaks]   File "/work/scripts/diag_compile_divergence.py", line 158, in <module>
V0811 18:11:44.902000 1217780 torch/_dynamo/symbolic_convert.py:611] [0/0] [__graph_breaks]     raise SystemExit(main())
V0811 18:11:44.902000 1217780 torch/_dynamo/symbolic_convert.py:611] [0/0] [__graph_breaks]   File "/work/scripts/diag_compile_divergence.py", line 131, in main
V0811 18:11:44.902000 1217780 torch/_dynamo/symbolic_convert.py:611] [0/0] [__graph_breaks]     out_cmp = cmp_run(*ins_c)
V0811 18:11:44.902000 1217780 torch/_dynamo/symbolic_convert.py:611] [0/0] [__graph_breaks]   File "/opt/venv/lib/python3.12/site-packages/torch/_dynamo/external_utils.py", line 68, in inner
V0811 18:11:44.902000 1217780 torch/_dynamo/symbolic_convert.py:611] [0/0] [__graph_breaks]     return fn(*args, **kwargs)
V0811 18:11:44.902000 1217780 torch/_dynamo/symbolic_convert.py:611] [0/0] [__graph_breaks]   File "/opt/venv/lib/python3.12/site-packages/torch/utils/_contextlib.py", line 120, in decorate_context
V0811 18:11:44.902000 1217780 torch/_dynamo/symbolic_convert.py:611] [0/0] [__graph_breaks]     return func(*args, **kwargs)
V0811 18:11:44.902000 1217780 torch/_dynamo/symbolic_convert.py:611] [0/0] [__graph_breaks]   File "<reference>", line 187, in run
V0811 18:11:44.902000 1217780 torch/_dynamo/symbolic_convert.py:611] [0/0] [__graph_breaks] 
V0811 18:11:44.965000 1217780 torch/_dynamo/symbolic_convert.py:618] [1/0] [__graph_breaks] Graph break (user stack suppressed due to duplicate graph break) in user code at <reference>:187
V0811 18:11:44.965000 1217780 torch/_dynamo/symbolic_convert.py:618] [1/0] [__graph_breaks] Graph Break Reason: Data-dependent branching
V0811 18:11:44.965000 1217780 torch/_dynamo/symbolic_convert.py:618] [1/0] [__graph_breaks]   Explanation: Detected data-dependent branching (e.g. `if my_tensor.sum() > 0:`). Dynamo does not support tracing dynamic control flow.
V0811 18:11:44.965000 1217780 torch/_dynamo/symbolic_convert.py:618] [1/0] [__graph_breaks]   Hint: This graph break is fundamental - it is unlikely that Dynamo will ever be able to trace through your code. Consider finding a workaround.
V0811 18:11:44.965000 1217780 torch/_dynamo/symbolic_convert.py:618] [1/0] [__graph_breaks]   Hint: Use `torch.cond` to express dynamic control flow.
V0811 18:11:44.965000 1217780 torch/_dynamo/symbolic_convert.py:618] [1/0] [__graph_breaks] 
V0811 18:11:44.965000 1217780 torch/_dynamo/symbolic_convert.py:618] [1/0] [__graph_breaks]   Developer debug context: attempted to jump with TensorVariable()
V0811 18:11:44.965000 1217780 torch/_dynamo/symbolic_convert.py:618] [1/0] [__graph_breaks] 
V0811 18:11:45.712000 1217780 torch/_inductor/graph.py:2371] [2/0] [__output_code] Output code: 
V0811 18:11:45.712000 1217780 torch/_inductor/graph.py:2371] [2/0] [__output_code] # AOT ID: ['0_inference']
V0811 18:11:45.712000 1217780 torch/_inductor/graph.py:2371] [2/0] [__output_code] from ctypes import c_void_p, c_long, c_int
V0811 18:11:45.712000 1217780 torch/_inductor/graph.py:2371] [2/0] [__output_code] import torch
V0811 18:11:45.712000 1217780 torch/_inductor/graph.py:2371] [2/0] [__output_code] import math
V0811 18:11:45.712000 1217780 torch/_inductor/graph.py:2371] [2/0] [__output_code] import random
V0811 18:11:45.712000 1217780 torch/_inductor/graph.py:2371] [2/0] [__output_code] import os
V0811 18:11:45.712000 1217780 torch/_inductor/graph.py:2371] [2/0] [__output_code] import tempfile
V0811 18:11:45.712000 1217780 torch/_inductor/graph.py:2371] [2/0] [__output_code] from math import inf, nan
V0811 18:11:45.712000 1217780 torch/_inductor/graph.py:2371] [2/0] [__output_code] from cmath import nanj
V0811 18:11:45.712000 1217780 torch/_inductor/graph.py:2371] [2/0] [__output_code] from torch._inductor.hooks import run_intermediate_hooks
V0811 18:11:45.712000 1217780 torch/_inductor/graph.py:2371] [2/0] [__output_code] from torch._inductor.utils import maybe_profile
V0811 18:11:45.712000 1217780 torch/_inductor/graph.py:2371] [2/0] [__output_code] from torch._inductor.codegen.memory_planning import _align as align
V0811 18:11:45.712000 1217780 torch/_inductor/graph.py:2371] [2/0] [__output_code] from torch import device, empty_strided
V0811 18:11:45.712000 1217780 torch/_inductor/graph.py:2371] [2/0] [__output_code] from torch._inductor.async_compile import AsyncCompile
V0811 18:11:45.712000 1217780 torch/_inductor/graph.py:2371] [2/0] [__output_code] from torch._inductor.select_algorithm import extern_kernels
V0811 18:11:45.712000 1217780 torch/_inductor/graph.py:2371] [2/0] [__output_code] import triton
V0811 18:11:45.712000 1217780 torch/_inductor/graph.py:2371] [2/0] [__output_code] import triton.language as tl
V0811 18:11:45.712000 1217780 torch/_inductor/graph.py:2371] [2/0] [__output_code] from torch._inductor.runtime.triton_heuristics import start_graph, end_graph
V0811 18:11:45.712000 1217780 torch/_inductor/graph.py:2371] [2/0] [__output_code] from torch._C import _cuda_getCurrentRawStream as get_raw_stream
V0811 18:11:45.712000 1217780 torch/_inductor/graph.py:2371] [2/0] [__output_code] 
V0811 18:11:45.712000 1217780 torch/_inductor/graph.py:2371] [2/0] [__output_code] aten = torch.ops.aten
V0811 18:11:45.712000 1217780 torch/_inductor/graph.py:2371] [2/0] [__output_code] inductor_ops = torch.ops.inductor
V0811 18:11:45.712000 1217780 torch/_inductor/graph.py:2371] [2/0] [__output_code] _quantized = torch.ops._quantized
V0811 18:11:45.712000 1217780 torch/_inductor/graph.py:2371] [2/0] [__output_code] assert_size_stride = torch._C._dynamo.guards.assert_size_stride
V0811 18:11:45.712000 1217780 torch/_inductor/graph.py:2371] [2/0] [__output_code] assert_alignment = torch._C._dynamo.guards.assert_alignment
V0811 18:11:45.712000 1217780 torch/_inductor/graph.py:2371] [2/0] [__output_code] empty_strided_cpu = torch._C._dynamo.guards._empty_strided_cpu
V0811 18:11:45.712000 1217780 torch/_inductor/graph.py:2371] [2/0] [__output_code] empty_strided_cpu_pinned = torch._C._dynamo.guards._empty_strided_cpu_pinned
V0811 18:11:45.712000 1217780 torch/_inductor/graph.py:2371] [2/0] [__output_code] empty_strided_cuda = torch._C._dynamo.guards._empty_strided_cuda
V0811 18:11:45.712000 1217780 torch/_inductor/graph.py:2371] [2/0] [__output_code] empty_strided_xpu = torch._C._dynamo.guards._empty_strided_xpu
V0811 18:11:45.712000 1217780 torch/_inductor/graph.py:2371] [2/0] [__output_code] empty_strided_mtia = torch._C._dynamo.guards._empty_strided_mtia
V0811 18:11:45.712000 1217780 torch/_inductor/graph.py:2371] [2/0] [__output_code] reinterpret_tensor = torch._C._dynamo.guards._reinterpret_tensor
V0811 18:11:45.712000 1217780 torch/_inductor/graph.py:2371] [2/0] [__output_code] alloc_from_pool = torch.ops.inductor._alloc_from_pool
V0811 18:11:45.712000 1217780 torch/_inductor/graph.py:2371] [2/0] [__output_code] async_compile = AsyncCompile()
V0811 18:11:45.712000 1217780 torch/_inductor/graph.py:2371] [2/0] [__output_code] empty_strided_p2p = torch._C._distributed_c10d._SymmetricMemory.empty_strided_p2p
V0811 18:11:45.712000 1217780 torch/_inductor/graph.py:2371] [2/0] [__output_code] 
V0811 18:11:45.712000 1217780 torch/_inductor/graph.py:2371] [2/0] [__output_code] 
V0811 18:11:45.712000 1217780 torch/_inductor/graph.py:2371] [2/0] [__output_code] # kernel path: /tmp/ind_fresh_v1/d5/cd52cdc2qknpwkcc6yyzzdqbrmtrbo32n65s4ynt64e6t7gmob76.py
V0811 18:11:45.712000 1217780 torch/_inductor/graph.py:2371] [2/0] [__output_code] # Topologically Sorted Source Nodes: [pow_1, variance, add, rsqrt, x_1, mul_1], Original ATen: [aten.pow, aten.mean, aten.add, aten.rsqrt, aten.mul]
V0811 18:11:45.712000 1217780 torch/_inductor/graph.py:2371] [2/0] [__output_code] # Source node to ATen node mapping:
V0811 18:11:45.712000 1217780 torch/_inductor/graph.py:2371] [2/0] [__output_code] #   add => add
V0811 18:11:45.712000 1217780 torch/_inductor/graph.py:2371] [2/0] [__output_code] #   mul_1 => mul_1
V0811 18:11:45.712000 1217780 torch/_inductor/graph.py:2371] [2/0] [__output_code] #   pow_1 => pow_1
V0811 18:11:45.712000 1217780 torch/_inductor/graph.py:2371] [2/0] [__output_code] #   rsqrt => rsqrt
V0811 18:11:45.712000 1217780 torch/_inductor/graph.py:2371] [2/0] [__output_code] #   variance => mean
V0811 18:11:45.712000 1217780 torch/_inductor/graph.py:2371] [2/0] [__output_code] #   x_1 => mul
V0811 18:11:45.712000 1217780 torch/_inductor/graph.py:2371] [2/0] [__output_code] # Graph fragment:
V0811 18:11:45.712000 1217780 torch/_inductor/graph.py:2371] [2/0] [__output_code] #   %arg0_1 : Tensor "f32[8, 128, 2048][262144, 2048, 1]cuda:0" = PlaceHolder[target=arg0_1]
V0811 18:11:45.712000 1217780 torch/_inductor/graph.py:2371] [2/0] [__output_code] #   %arg1_1 : Tensor "f32[2048][1]cuda:0" = PlaceHolder[target=arg1_1]
V0811 18:11:45.712000 1217780 torch/_inductor/graph.py:2371] [2/0] [__output_code] #   %buf0 : Tensor "f32[8, 128, 1][128, 1, 1024]cuda:0" = PlaceHolder[target=buf0]
V0811 18:11:45.712000 1217780 torch/_inductor/graph.py:2371] [2/0] [__output_code] #   %pow_1 : Tensor "f32[8, 128, 2048][262144, 2048, 1]cuda:0"[num_users=1] = call_function[target=torch.ops.aten.pow.Tensor_Scalar](args = (%arg0_1, 2), kwargs = {})
V0811 18:11:45.712000 1217780 torch/_inductor/graph.py:2371] [2/0] [__output_code] #   %mean : Tensor "f32[8, 128, 1][128, 1, 1]cuda:0"[num_users=1] = call_function[target=torch.ops.aten.mean.dim](args = (%pow_1, [-1], True), kwargs = {})
V0811 18:11:45.712000 1217780 torch/_inductor/graph.py:2371] [2/0] [__output_code] #   %add : Tensor "f32[8, 128, 1][128, 1, 1]cuda:0"[num_users=1] = call_function[target=torch.ops.aten.add.Tensor](args = (%mean, 1e-06), kwargs = {})
V0811 18:11:45.712000 1217780 torch/_inductor/graph.py:2371] [2/0] [__output_code] #   %rsqrt : Tensor "f32[8, 128, 1][128, 1, 1]cuda:0"[num_users=1] = call_function[target=torch.ops.aten.rsqrt.default](args = (%add,), kwargs = {})
V0811 18:11:45.712000 1217780 torch/_inductor/graph.py:2371] [2/0] [__output_code] #   %mul : Tensor "f32[8, 128, 2048][262144, 2048, 1]cuda:0"[num_users=1] = call_function[target=torch.ops.aten.mul.Tensor](args = (%arg0_1, %rsqrt), kwargs = {})
V0811 18:11:45.712000 1217780 torch/_inductor/graph.py:2371] [2/0] [__output_code] #   %mul_1 : Tensor "f32[8, 128, 2048][262144, 2048, 1]cuda:0"[num_users=1] = call_function[target=torch.ops.aten.mul.Tensor](args = (%arg1_1, %mul), kwargs = {})
V0811 18:11:45.712000 1217780 torch/_inductor/graph.py:2371] [2/0] [__output_code] #   return %buf0,%mul_1
V0811 18:11:45.712000 1217780 torch/_inductor/graph.py:2371] [2/0] [__output_code] triton_red_fused_add_mean_mul_pow_rsqrt_0 = async_compile.triton('triton_red_fused_add_mean_mul_pow_rsqrt_0', '''
V0811 18:11:45.712000 1217780 torch/_inductor/graph.py:2371] [2/0] [__output_code] import triton
V0811 18:11:45.712000 1217780 torch/_inductor/graph.py:2371] [2/0] [__output_code] import triton.language as tl
V0811 18:11:45.712000 1217780 torch/_inductor/graph.py:2371] [2/0] [__output_code] 
V0811 18:11:45.712000 1217780 torch/_inductor/graph.py:2371] [2/0] [__output_code] from torch._inductor.runtime import triton_helpers, triton_heuristics
V0811 18:11:45.712000 1217780 torch/_inductor/graph.py:2371] [2/0] [__output_code] from torch._inductor.runtime.triton_helpers import libdevice, math as tl_math
V0811 18:11:45.712000 1217780 torch/_inductor/graph.py:2371] [2/0] [__output_code] from torch._inductor.runtime.hints import AutotuneHint, ReductionHint, TileHint, DeviceProperties
V0811 18:11:45.712000 1217780 torch/_inductor/graph.py:2371] [2/0] [__output_code] triton_helpers.set_driver_to_gpu()
V0811 18:11:45.712000 1217780 torch/_inductor/graph.py:2371] [2/0] [__output_code] 
V0811 18:11:45.712000 1217780 torch/_inductor/graph.py:2371] [2/0] [__output_code] @triton_heuristics.reduction(
V0811 18:11:45.712000 1217780 torch/_inductor/graph.py:2371] [2/0] [__output_code]     size_hints={'x': 1024, 'r0_': 2048},
V0811 18:11:45.712000 1217780 torch/_inductor/graph.py:2371] [2/0] [__output_code]     reduction_hint=ReductionHint.INNER,
V0811 18:11:45.712000 1217780 torch/_inductor/graph.py:2371] [2/0] [__output_code]     filename=__file__,
V0811 18:11:45.712000 1217780 torch/_inductor/graph.py:2371] [2/0] [__output_code]     triton_meta={'signature': {'in_ptr0': '*fp32', 'in_ptr1': '*fp32', 'out_ptr1': '*fp32', 'xnumel': 'i32', 'r0_numel': 'i32', 'XBLOCK': 'constexpr', 'R0_BLOCK': 'constexpr'}, 'device': DeviceProperties(type='hip', index=0, multi_processor_count=256, cc='gfx950', major=9, regs_per_multiprocessor=131072, max_threads_per_multi_processor=2048, warp_size=64), 'constants': {}, 'configs': [{(0,): [['tt.divisibility', 16]], (1,): [['tt.divisibility', 16]], (2,): [['tt.divisibility', 16]], (3,): [['tt.divisibility', 16]], (4,): [['tt.divisibility', 16]]}]},
V0811 18:11:45.712000 1217780 torch/_inductor/graph.py:2371] [2/0] [__output_code]     inductor_meta={'grid_type': 'Grid1D', 'autotune_hints': set(), 'kernel_name': 'triton_red_fused_add_mean_mul_pow_rsqrt_0', 'mutated_arg_names': [], 'optimize_mem': True, 'no_x_dim': False, 'num_load': 3, 'num_reduction': 1, 'backend_hash': '3B45B788E7A93FDBE6415415DDBAD4068A99A550D251B49B2716808341DC9BDD', 'are_deterministic_algorithms_enabled': False, 'assert_indirect_indexing': True, 'autotune_local_cache': True, 'autotune_pointwise': True, 'autotune_remote_cache': None, 'force_disable_caches': False, 'dynamic_scale_rblock': True, 'max_autotune': False, 'max_autotune_pointwise': False, 'min_split_scan_rblock': 256, 'spill_threshold': 32, 'store_cubin': False, 'is_hip': True, 'tiling_scores': {'x': 0, 'r0_': 25174016}}
V0811 18:11:45.712000 1217780 torch/_inductor/graph.py:2371] [2/0] [__output_code] )
V0811 18:11:45.712000 1217780 torch/_inductor/graph.py:2371] [2/0] [__output_code] @triton.jit
V0811 18:11:45.712000 1217780 torch/_inductor/graph.py:2371] [2/0] [__output_code] def triton_red_fused_add_mean_mul_pow_rsqrt_0(in_ptr0, in_ptr1, out_ptr1, xnumel, r0_numel, XBLOCK : tl.constexpr, R0_BLOCK : tl.constexpr):
V0811 18:11:45.712000 1217780 torch/_inductor/graph.py:2371] [2/0] [__output_code]     xnumel = 1024
V0811 18:11:45.712000 1217780 torch/_inductor/graph.py:2371] [2/0] [__output_code]     r0_numel = 2048
V0811 18:11:45.712000 1217780 torch/_inductor/graph.py:2371] [2/0] [__output_code]     rnumel = r0_numel
V0811 18:11:45.712000 1217780 torch/_inductor/graph.py:2371] [2/0] [__output_code]     RBLOCK: tl.constexpr = R0_BLOCK
V0811 18:11:45.712000 1217780 torch/_inductor/graph.py:2371] [2/0] [__output_code]     xoffset = tl.program_id(0) * XBLOCK
V0811 18:11:45.712000 1217780 torch/_inductor/graph.py:2371] [2/0] [__output_code]     xindex = xoffset + tl.arange(0, XBLOCK)[:, None]
V0811 18:11:45.712000 1217780 torch/_inductor/graph.py:2371] [2/0] [__output_code]     xmask = xindex < xnumel
V0811 18:11:45.712000 1217780 torch/_inductor/graph.py:2371] [2/0] [__output_code]     r0_base = tl.arange(0, R0_BLOCK)[None, :]
V0811 18:11:45.712000 1217780 torch/_inductor/graph.py:2371] [2/0] [__output_code]     rbase = r0_base
V0811 18:11:45.712000 1217780 torch/_inductor/graph.py:2371] [2/0] [__output_code]     x0 = xindex
V0811 18:11:45.712000 1217780 torch/_inductor/graph.py:2371] [2/0] [__output_code]     _tmp3 = tl.full([XBLOCK, R0_BLOCK], 0, tl.float32)
V0811 18:11:45.712000 1217780 torch/_inductor/graph.py:2371] [2/0] [__output_code]     for r0_offset in tl.range(0, r0_numel, R0_BLOCK, num_stages = 2):
V0811 18:11:45.712000 1217780 torch/_inductor/graph.py:2371] [2/0] [__output_code]         r0_index = r0_offset + r0_base
V0811 18:11:45.712000 1217780 torch/_inductor/graph.py:2371] [2/0] [__output_code]         r0_mask = r0_index < r0_numel
V0811 18:11:45.712000 1217780 torch/_inductor/graph.py:2371] [2/0] [__output_code]         roffset = r0_offset
V0811 18:11:45.712000 1217780 torch/_inductor/graph.py:2371] [2/0] [__output_code]         rindex = r0_index
V0811 18:11:45.712000 1217780 torch/_inductor/graph.py:2371] [2/0] [__output_code]         r0_1 = r0_index
V0811 18:11:45.712000 1217780 torch/_inductor/graph.py:2371] [2/0] [__output_code]         tmp0 = tl.load(in_ptr0 + (r0_1 + 2048*x0), r0_mask & xmask, eviction_policy='evict_last', other=0.0)
V0811 18:11:45.712000 1217780 torch/_inductor/graph.py:2371] [2/0] [__output_code]         tmp1 = tmp0 * tmp0
V0811 18:11:45.712000 1217780 torch/_inductor/graph.py:2371] [2/0] [__output_code]         tmp2 = tl.broadcast_to(tmp1, [XBLOCK, R0_BLOCK])
V0811 18:11:45.712000 1217780 torch/_inductor/graph.py:2371] [2/0] [__output_code]         tmp4 = _tmp3 + tmp2
V0811 18:11:45.712000 1217780 torch/_inductor/graph.py:2371] [2/0] [__output_code]         _tmp3 = tl.where(r0_mask & xmask, tmp4, _tmp3)
V0811 18:11:45.712000 1217780 torch/_inductor/graph.py:2371] [2/0] [__output_code]     tmp3 = tl.sum(_tmp3, 1)[:, None]
V0811 18:11:45.712000 1217780 torch/_inductor/graph.py:2371] [2/0] [__output_code]     for r0_offset in tl.range(0, r0_numel, R0_BLOCK, num_stages = 2):
V0811 18:11:45.712000 1217780 torch/_inductor/graph.py:2371] [2/0] [__output_code]         r0_index = r0_offset + r0_base
V0811 18:11:45.712000 1217780 torch/_inductor/graph.py:2371] [2/0] [__output_code]         r0_mask = r0_index < r0_numel
V0811 18:11:45.712000 1217780 torch/_inductor/graph.py:2371] [2/0] [__output_code]         roffset = r0_offset
V0811 18:11:45.712000 1217780 torch/_inductor/graph.py:2371] [2/0] [__output_code]         rindex = r0_index
V0811 18:11:45.712000 1217780 torch/_inductor/graph.py:2371] [2/0] [__output_code]         r0_1 = r0_index
V0811 18:11:45.712000 1217780 torch/_inductor/graph.py:2371] [2/0] [__output_code]         tmp5 = tl.load(in_ptr1 + (r0_1), r0_mask, eviction_policy='evict_last', other=0.0)
V0811 18:11:45.712000 1217780 torch/_inductor/graph.py:2371] [2/0] [__output_code]         tmp6 = tl.load(in_ptr0 + (r0_1 + 2048*x0), r0_mask & xmask, eviction_policy='evict_first', other=0.0)
V0811 18:11:45.712000 1217780 torch/_inductor/graph.py:2371] [2/0] [__output_code]         tmp7 = 2048.0
V0811 18:11:45.712000 1217780 torch/_inductor/graph.py:2371] [2/0] [__output_code]         tmp8 = (tmp3 / tmp7)
V0811 18:11:45.712000 1217780 torch/_inductor/graph.py:2371] [2/0] [__output_code]         tmp9 = 1e-06
V0811 18:11:45.712000 1217780 torch/_inductor/graph.py:2371] [2/0] [__output_code]         tmp10 = tmp8 + tmp9
V0811 18:11:45.712000 1217780 torch/_inductor/graph.py:2371] [2/0] [__output_code]         tmp11 = tl.rsqrt(tmp10)
V0811 18:11:45.712000 1217780 torch/_inductor/graph.py:2371] [2/0] [__output_code]         tmp12 = tmp6 * tmp11
V0811 18:11:45.712000 1217780 torch/_inductor/graph.py:2371] [2/0] [__output_code]         tmp13 = tmp5 * tmp12
V0811 18:11:45.712000 1217780 torch/_inductor/graph.py:2371] [2/0] [__output_code]         tl.store(out_ptr1 + (r0_1 + 2048*x0), tmp13, r0_mask & xmask)
V0811 18:11:45.712000 1217780 torch/_inductor/graph.py:2371] [2/0] [__output_code] ''', device_str='cuda')
V0811 18:11:45.712000 1217780 torch/_inductor/graph.py:2371] [2/0] [__output_code] 
V0811 18:11:45.712000 1217780 torch/_inductor/graph.py:2371] [2/0] [__output_code] 
V0811 18:11:45.712000 1217780 torch/_inductor/graph.py:2371] [2/0] [__output_code] async_compile.wait(globals())
V0811 18:11:45.712000 1217780 torch/_inductor/graph.py:2371] [2/0] [__output_code] del async_compile
V0811 18:11:45.712000 1217780 torch/_inductor/graph.py:2371] [2/0] [__output_code] 
V0811 18:11:45.712000 1217780 torch/_inductor/graph.py:2371] [2/0] [__output_code] class Runner:
V0811 18:11:45.712000 1217780 torch/_inductor/graph.py:2371] [2/0] [__output_code]     def __init__(self, partitions):
V0811 18:11:45.712000 1217780 torch/_inductor/graph.py:2371] [2/0] [__output_code]         self.partitions = partitions
V0811 18:11:45.712000 1217780 torch/_inductor/graph.py:2371] [2/0] [__output_code] 
V0811 18:11:45.712000 1217780 torch/_inductor/graph.py:2371] [2/0] [__output_code]     def recursively_apply_fns(self, fns):
V0811 18:11:45.712000 1217780 torch/_inductor/graph.py:2371] [2/0] [__output_code]         new_callables = []
V0811 18:11:45.712000 1217780 torch/_inductor/graph.py:2371] [2/0] [__output_code]         for fn, c in zip(fns, self.partitions):
V0811 18:11:45.712000 1217780 torch/_inductor/graph.py:2371] [2/0] [__output_code]             new_callables.append(fn(c))
V0811 18:11:45.712000 1217780 torch/_inductor/graph.py:2371] [2/0] [__output_code]         self.partitions = new_callables
V0811 18:11:45.712000 1217780 torch/_inductor/graph.py:2371] [2/0] [__output_code] 
V0811 18:11:45.712000 1217780 torch/_inductor/graph.py:2371] [2/0] [__output_code]     def call(self, args):
V0811 18:11:45.712000 1217780 torch/_inductor/graph.py:2371] [2/0] [__output_code]         arg0_1, arg1_1 = args
V0811 18:11:45.712000 1217780 torch/_inductor/graph.py:2371] [2/0] [__output_code]         args.clear()
V0811 18:11:45.712000 1217780 torch/_inductor/graph.py:2371] [2/0] [__output_code]         assert_size_stride(arg0_1, (8, 128, 2048), (262144, 2048, 1))
V0811 18:11:45.712000 1217780 torch/_inductor/graph.py:2371] [2/0] [__output_code]         assert_size_stride(arg1_1, (2048, ), (1, ))
V0811 18:11:45.712000 1217780 torch/_inductor/graph.py:2371] [2/0] [__output_code]         with torch.cuda._DeviceGuard(0):
V0811 18:11:45.712000 1217780 torch/_inductor/graph.py:2371] [2/0] [__output_code]             torch.cuda.set_device(0)
V0811 18:11:45.712000 1217780 torch/_inductor/graph.py:2371] [2/0] [__output_code]             buf1 = empty_strided_cuda((8, 128, 2048), (262144, 2048, 1), torch.float32)
V0811 18:11:45.712000 1217780 torch/_inductor/graph.py:2371] [2/0] [__output_code]             # Topologically Sorted Source Nodes: [pow_1, variance, add, rsqrt, x_1, mul_1], Original ATen: [aten.pow, aten.mean, aten.add, aten.rsqrt, aten.mul]
V0811 18:11:45.712000 1217780 torch/_inductor/graph.py:2371] [2/0] [__output_code]             stream0 = get_raw_stream(0)
V0811 18:11:45.712000 1217780 torch/_inductor/graph.py:2371] [2/0] [__output_code]             triton_red_fused_add_mean_mul_pow_rsqrt_0.run(arg0_1, arg1_1, buf1, 1024, 2048, stream=stream0)
V0811 18:11:45.712000 1217780 torch/_inductor/graph.py:2371] [2/0] [__output_code]             del arg0_1
V0811 18:11:45.712000 1217780 torch/_inductor/graph.py:2371] [2/0] [__output_code]             del arg1_1
V0811 18:11:45.712000 1217780 torch/_inductor/graph.py:2371] [2/0] [__output_code]         return (buf1, )
V0811 18:11:45.712000 1217780 torch/_inductor/graph.py:2371] [2/0] [__output_code] 
V0811 18:11:45.712000 1217780 torch/_inductor/graph.py:2371] [2/0] [__output_code] runner = Runner(partitions=[])
V0811 18:11:45.712000 1217780 torch/_inductor/graph.py:2371] [2/0] [__output_code] call = runner.call
V0811 18:11:45.712000 1217780 torch/_inductor/graph.py:2371] [2/0] [__output_code] recursively_apply_fns = runner.recursively_apply_fns
V0811 18:11:45.712000 1217780 torch/_inductor/graph.py:2371] [2/0] [__output_code] 
V0811 18:11:45.712000 1217780 torch/_inductor/graph.py:2371] [2/0] [__output_code] 
V0811 18:11:45.712000 1217780 torch/_inductor/graph.py:2371] [2/0] [__output_code] def benchmark_compiled_module(times=10, repeat=10):
V0811 18:11:45.712000 1217780 torch/_inductor/graph.py:2371] [2/0] [__output_code]     from torch._dynamo.testing import rand_strided
V0811 18:11:45.712000 1217780 torch/_inductor/graph.py:2371] [2/0] [__output_code]     from torch._inductor.utils import print_performance
V0811 18:11:45.712000 1217780 torch/_inductor/graph.py:2371] [2/0] [__output_code]     arg0_1 = rand_strided((8, 128, 2048), (262144, 2048, 1), device='cuda:0', dtype=torch.float32)
V0811 18:11:45.712000 1217780 torch/_inductor/graph.py:2371] [2/0] [__output_code]     arg1_1 = rand_strided((2048, ), (1, ), device='cuda:0', dtype=torch.float32)
V0811 18:11:45.712000 1217780 torch/_inductor/graph.py:2371] [2/0] [__output_code]     fn = lambda: call([arg0_1, arg1_1])
V0811 18:11:45.712000 1217780 torch/_inductor/graph.py:2371] [2/0] [__output_code]     return print_performance(fn, times=times, repeat=repeat)
V0811 18:11:45.712000 1217780 torch/_inductor/graph.py:2371] [2/0] [__output_code] 
V0811 18:11:45.712000 1217780 torch/_inductor/graph.py:2371] [2/0] [__output_code] 
V0811 18:11:45.712000 1217780 torch/_inductor/graph.py:2371] [2/0] [__output_code] if __name__ == "__main__":
V0811 18:11:45.712000 1217780 torch/_inductor/graph.py:2371] [2/0] [__output_code]     from torch._inductor.wrapper_benchmark import compiled_module_main
V0811 18:11:45.712000 1217780 torch/_inductor/graph.py:2371] [2/0] [__output_code]     compiled_module_main('None', benchmark_compiled_module)
V0811 18:11:45.712000 1217780 torch/_inductor/graph.py:2371] [2/0] [__output_code] 
V0811 18:11:45.713000 1217780 torch/_inductor/graph.py:2382] [2/0] [__output_code] Output code written to: /tmp/ind_fresh_v1/rh/crhyiv5rvpro5rv7euwcpbkjmn453scjxzzod7ps6xvdhjfwhgb3.py
I0811 18:11:45.893000 1217780 torch/_inductor/graph.py:2343] [2/0] [__output_code] Output code written to: /tmp/ind_fresh_v1/rh/crhyiv5rvpro5rv7euwcpbkjmn453scjxzzod7ps6xvdhjfwhgb3.py
V0811 18:11:45.906000 1217780 torch/_dynamo/guards.py:4181] [2/1] [__recompiles] Recompiling function rms_norm in <reference>:68
V0811 18:11:45.906000 1217780 torch/_dynamo/guards.py:4181] [2/1] [__recompiles]     triggered by the following guard failure(s):
V0811 18:11:45.906000 1217780 torch/_dynamo/guards.py:4181] [2/1] [__recompiles]     - 2/0: tensor 'x' rank mismatch. expected 3, actual 4
V0811 18:11:45.968000 1217780 torch/_inductor/graph.py:2371] [2/1] [__output_code] Output code: 
V0811 18:11:45.968000 1217780 torch/_inductor/graph.py:2371] [2/1] [__output_code] # AOT ID: ['1_inference']
V0811 18:11:45.968000 1217780 torch/_inductor/graph.py:2371] [2/1] [__output_code] from ctypes import c_void_p, c_long, c_int
V0811 18:11:45.968000 1217780 torch/_inductor/graph.py:2371] [2/1] [__output_code] import torch
V0811 18:11:45.968000 1217780 torch/_inductor/graph.py:2371] [2/1] [__output_code] import math
V0811 18:11:45.968000 1217780 torch/_inductor/graph.py:2371] [2/1] [__output_code] import random
V0811 18:11:45.968000 1217780 torch/_inductor/graph.py:2371] [2/1] [__output_code] import os
V0811 18:11:45.968000 1217780 torch/_inductor/graph.py:2371] [2/1] [__output_code] import tempfile
V0811 18:11:45.968000 1217780 torch/_inductor/graph.py:2371] [2/1] [__output_code] from math import inf, nan
V0811 18:11:45.968000 1217780 torch/_inductor/graph.py:2371] [2/1] [__output_code] from cmath import nanj
V0811 18:11:45.968000 1217780 torch/_inductor/graph.py:2371] [2/1] [__output_code] from torch._inductor.hooks import run_intermediate_hooks
V0811 18:11:45.968000 1217780 torch/_inductor/graph.py:2371] [2/1] [__output_code] from torch._inductor.utils import maybe_profile
V0811 18:11:45.968000 1217780 torch/_inductor/graph.py:2371] [2/1] [__output_code] from torch._inductor.codegen.memory_planning import _align as align
V0811 18:11:45.968000 1217780 torch/_inductor/graph.py:2371] [2/1] [__output_code] from torch import device, empty_strided
V0811 18:11:45.968000 1217780 torch/_inductor/graph.py:2371] [2/1] [__output_code] from torch._inductor.async_compile import AsyncCompile
V0811 18:11:45.968000 1217780 torch/_inductor/graph.py:2371] [2/1] [__output_code] from torch._inductor.select_algorithm import extern_kernels
V0811 18:11:45.968000 1217780 torch/_inductor/graph.py:2371] [2/1] [__output_code] import triton
V0811 18:11:45.968000 1217780 torch/_inductor/graph.py:2371] [2/1] [__output_code] import triton.language as tl
V0811 18:11:45.968000 1217780 torch/_inductor/graph.py:2371] [2/1] [__output_code] from torch._inductor.runtime.triton_heuristics import start_graph, end_graph
V0811 18:11:45.968000 1217780 torch/_inductor/graph.py:2371] [2/1] [__output_code] from torch._C import _cuda_getCurrentRawStream as get_raw_stream
V0811 18:11:45.968000 1217780 torch/_inductor/graph.py:2371] [2/1] [__output_code] 
V0811 18:11:45.968000 1217780 torch/_inductor/graph.py:2371] [2/1] [__output_code] aten = torch.ops.aten
V0811 18:11:45.968000 1217780 torch/_inductor/graph.py:2371] [2/1] [__output_code] inductor_ops = torch.ops.inductor
V0811 18:11:45.968000 1217780 torch/_inductor/graph.py:2371] [2/1] [__output_code] _quantized = torch.ops._quantized
V0811 18:11:45.968000 1217780 torch/_inductor/graph.py:2371] [2/1] [__output_code] assert_size_stride = torch._C._dynamo.guards.assert_size_stride
V0811 18:11:45.968000 1217780 torch/_inductor/graph.py:2371] [2/1] [__output_code] assert_alignment = torch._C._dynamo.guards.assert_alignment
V0811 18:11:45.968000 1217780 torch/_inductor/graph.py:2371] [2/1] [__output_code] empty_strided_cpu = torch._C._dynamo.guards._empty_strided_cpu
V0811 18:11:45.968000 1217780 torch/_inductor/graph.py:2371] [2/1] [__output_code] empty_strided_cpu_pinned = torch._C._dynamo.guards._empty_strided_cpu_pinned
V0811 18:11:45.968000 1217780 torch/_inductor/graph.py:2371] [2/1] [__output_code] empty_strided_cuda = torch._C._dynamo.guards._empty_strided_cuda
V0811 18:11:45.968000 1217780 torch/_inductor/graph.py:2371] [2/1] [__output_code] empty_strided_xpu = torch._C._dynamo.guards._empty_strided_xpu
V0811 18:11:45.968000 1217780 torch/_inductor/graph.py:2371] [2/1] [__output_code] empty_strided_mtia = torch._C._dynamo.guards._empty_strided_mtia
V0811 18:11:45.968000 1217780 torch/_inductor/graph.py:2371] [2/1] [__output_code] reinterpret_tensor = torch._C._dynamo.guards._reinterpret_tensor
V0811 18:11:45.968000 1217780 torch/_inductor/graph.py:2371] [2/1] [__output_code] alloc_from_pool = torch.ops.inductor._alloc_from_pool
V0811 18:11:45.968000 1217780 torch/_inductor/graph.py:2371] [2/1] [__output_code] async_compile = AsyncCompile()
V0811 18:11:45.968000 1217780 torch/_inductor/graph.py:2371] [2/1] [__output_code] empty_strided_p2p = torch._C._distributed_c10d._SymmetricMemory.empty_strided_p2p
V0811 18:11:45.968000 1217780 torch/_inductor/graph.py:2371] [2/1] [__output_code] 
V0811 18:11:45.968000 1217780 torch/_inductor/graph.py:2371] [2/1] [__output_code] 
V0811 18:11:45.968000 1217780 torch/_inductor/graph.py:2371] [2/1] [__output_code] # kernel path: /tmp/ind_fresh_v1/iu/ciu46o6irjtnzyk5dk5sgcsnxvc2ykdxlqvr3li3npqtjqcx2qct.py
V0811 18:11:45.968000 1217780 torch/_inductor/graph.py:2371] [2/1] [__output_code] # Topologically Sorted Source Nodes: [pow_1, variance, add, rsqrt, x_1, mul_1], Original ATen: [aten.pow, aten.mean, aten.add, aten.rsqrt, aten.mul]
V0811 18:11:45.968000 1217780 torch/_inductor/graph.py:2371] [2/1] [__output_code] # Source node to ATen node mapping:
V0811 18:11:45.968000 1217780 torch/_inductor/graph.py:2371] [2/1] [__output_code] #   add => add
V0811 18:11:45.968000 1217780 torch/_inductor/graph.py:2371] [2/1] [__output_code] #   mul_1 => mul_1
V0811 18:11:45.968000 1217780 torch/_inductor/graph.py:2371] [2/1] [__output_code] #   pow_1 => pow_1
V0811 18:11:45.968000 1217780 torch/_inductor/graph.py:2371] [2/1] [__output_code] #   rsqrt => rsqrt
V0811 18:11:45.968000 1217780 torch/_inductor/graph.py:2371] [2/1] [__output_code] #   variance => mean
V0811 18:11:45.968000 1217780 torch/_inductor/graph.py:2371] [2/1] [__output_code] #   x_1 => mul
V0811 18:11:45.968000 1217780 torch/_inductor/graph.py:2371] [2/1] [__output_code] # Graph fragment:
V0811 18:11:45.968000 1217780 torch/_inductor/graph.py:2371] [2/1] [__output_code] #   %arg0_1 : Tensor "f32[8, 128, 32, 128][524288, 4096, 128, 1]cuda:0" = PlaceHolder[target=arg0_1]
V0811 18:11:45.968000 1217780 torch/_inductor/graph.py:2371] [2/1] [__output_code] #   %arg1_1 : Tensor "f32[128][1]cuda:0" = PlaceHolder[target=arg1_1]
V0811 18:11:45.968000 1217780 torch/_inductor/graph.py:2371] [2/1] [__output_code] #   %buf0 : Tensor "f32[8, 128, 32, 1][4096, 32, 1, 32768]cuda:0" = PlaceHolder[target=buf0]
V0811 18:11:45.968000 1217780 torch/_inductor/graph.py:2371] [2/1] [__output_code] #   %pow_1 : Tensor "f32[8, 128, 32, 128][524288, 4096, 128, 1]cuda:0"[num_users=1] = call_function[target=torch.ops.aten.pow.Tensor_Scalar](args = (%arg0_1, 2), kwargs = {})
V0811 18:11:45.968000 1217780 torch/_inductor/graph.py:2371] [2/1] [__output_code] #   %mean : Tensor "f32[8, 128, 32, 1][4096, 32, 1, 1]cuda:0"[num_users=1] = call_function[target=torch.ops.aten.mean.dim](args = (%pow_1, [-1], True), kwargs = {})
V0811 18:11:45.968000 1217780 torch/_inductor/graph.py:2371] [2/1] [__output_code] #   %add : Tensor "f32[8, 128, 32, 1][4096, 32, 1, 1]cuda:0"[num_users=1] = call_function[target=torch.ops.aten.add.Tensor](args = (%mean, 1e-06), kwargs = {})
V0811 18:11:45.968000 1217780 torch/_inductor/graph.py:2371] [2/1] [__output_code] #   %rsqrt : Tensor "f32[8, 128, 32, 1][4096, 32, 1, 1]cuda:0"[num_users=1] = call_function[target=torch.ops.aten.rsqrt.default](args = (%add,), kwargs = {})
V0811 18:11:45.968000 1217780 torch/_inductor/graph.py:2371] [2/1] [__output_code] #   %mul : Tensor "f32[8, 128, 32, 128][524288, 4096, 128, 1]cuda:0"[num_users=1] = call_function[target=torch.ops.aten.mul.Tensor](args = (%arg0_1, %rsqrt), kwargs = {})
V0811 18:11:45.968000 1217780 torch/_inductor/graph.py:2371] [2/1] [__output_code] #   %mul_1 : Tensor "f32[8, 128, 32, 128][524288, 4096, 128, 1]cuda:0"[num_users=1] = call_function[target=torch.ops.aten.mul.Tensor](args = (%arg1_1, %mul), kwargs = {})
V0811 18:11:45.968000 1217780 torch/_inductor/graph.py:2371] [2/1] [__output_code] #   return %buf0,%mul_1
V0811 18:11:45.968000 1217780 torch/_inductor/graph.py:2371] [2/1] [__output_code] triton_per_fused_add_mean_mul_pow_rsqrt_0 = async_compile.triton('triton_per_fused_add_mean_mul_pow_rsqrt_0', '''
V0811 18:11:45.968000 1217780 torch/_inductor/graph.py:2371] [2/1] [__output_code] import triton
V0811 18:11:45.968000 1217780 torch/_inductor/graph.py:2371] [2/1] [__output_code] import triton.language as tl
V0811 18:11:45.968000 1217780 torch/_inductor/graph.py:2371] [2/1] [__output_code] 
V0811 18:11:45.968000 1217780 torch/_inductor/graph.py:2371] [2/1] [__output_code] from torch._inductor.runtime import triton_helpers, triton_heuristics
V0811 18:11:45.968000 1217780 torch/_inductor/graph.py:2371] [2/1] [__output_code] from torch._inductor.runtime.triton_helpers import libdevice, math as tl_math
V0811 18:11:45.968000 1217780 torch/_inductor/graph.py:2371] [2/1] [__output_code] from torch._inductor.runtime.hints import AutotuneHint, ReductionHint, TileHint, DeviceProperties
V0811 18:11:45.968000 1217780 torch/_inductor/graph.py:2371] [2/1] [__output_code] triton_helpers.set_driver_to_gpu()
V0811 18:11:45.968000 1217780 torch/_inductor/graph.py:2371] [2/1] [__output_code] 
V0811 18:11:45.968000 1217780 torch/_inductor/graph.py:2371] [2/1] [__output_code] @triton_heuristics.persistent_reduction(
V0811 18:11:45.968000 1217780 torch/_inductor/graph.py:2371] [2/1] [__output_code]     size_hints={'x': 32768, 'r0_': 128},
V0811 18:11:45.968000 1217780 torch/_inductor/graph.py:2371] [2/1] [__output_code]     reduction_hint=ReductionHint.INNER,
V0811 18:11:45.968000 1217780 torch/_inductor/graph.py:2371] [2/1] [__output_code]     filename=__file__,
V0811 18:11:45.968000 1217780 torch/_inductor/graph.py:2371] [2/1] [__output_code]     triton_meta={'signature': {'in_ptr0': '*fp32', 'in_ptr1': '*fp32', 'out_ptr1': '*fp32', 'xnumel': 'i32', 'r0_numel': 'i32', 'XBLOCK': 'constexpr'}, 'device': DeviceProperties(type='hip', index=0, multi_processor_count=256, cc='gfx950', major=9, regs_per_multiprocessor=131072, max_threads_per_multi_processor=2048, warp_size=64), 'constants': {}, 'configs': [{(0,): [['tt.divisibility', 16]], (1,): [['tt.divisibility', 16]], (2,): [['tt.divisibility', 16]], (3,): [['tt.divisibility', 16]], (4,): [['tt.divisibility', 16]]}]},
V0811 18:11:45.968000 1217780 torch/_inductor/graph.py:2371] [2/1] [__output_code]     inductor_meta={'grid_type': 'Grid1D', 'autotune_hints': set(), 'kernel_name': 'triton_per_fused_add_mean_mul_pow_rsqrt_0', 'mutated_arg_names': [], 'optimize_mem': True, 'no_x_dim': False, 'num_load': 2, 'num_reduction': 1, 'backend_hash': '3B45B788E7A93FDBE6415415DDBAD4068A99A550D251B49B2716808341DC9BDD', 'are_deterministic_algorithms_enabled': False, 'assert_indirect_indexing': True, 'autotune_local_cache': True, 'autotune_pointwise': True, 'autotune_remote_cache': None, 'force_disable_caches': False, 'dynamic_scale_rblock': True, 'max_autotune': False, 'max_autotune_pointwise': False, 'min_split_scan_rblock': 256, 'spill_threshold': 32, 'store_cubin': False, 'is_hip': True, 'tiling_scores': {'x': 0, 'r0_': 50332160}}
V0811 18:11:45.968000 1217780 torch/_inductor/graph.py:2371] [2/1] [__output_code] )
V0811 18:11:45.968000 1217780 torch/_inductor/graph.py:2371] [2/1] [__output_code] @triton.jit
V0811 18:11:45.968000 1217780 torch/_inductor/graph.py:2371] [2/1] [__output_code] def triton_per_fused_add_mean_mul_pow_rsqrt_0(in_ptr0, in_ptr1, out_ptr1, xnumel, r0_numel, XBLOCK : tl.constexpr):
V0811 18:11:45.968000 1217780 torch/_inductor/graph.py:2371] [2/1] [__output_code]     xnumel = 32768
V0811 18:11:45.968000 1217780 torch/_inductor/graph.py:2371] [2/1] [__output_code]     r0_numel = 128
V0811 18:11:45.968000 1217780 torch/_inductor/graph.py:2371] [2/1] [__output_code]     R0_BLOCK: tl.constexpr = 128
V0811 18:11:45.968000 1217780 torch/_inductor/graph.py:2371] [2/1] [__output_code]     rnumel = r0_numel
V0811 18:11:45.968000 1217780 torch/_inductor/graph.py:2371] [2/1] [__output_code]     RBLOCK: tl.constexpr = R0_BLOCK
V0811 18:11:45.968000 1217780 torch/_inductor/graph.py:2371] [2/1] [__output_code]     xoffset = tl.program_id(0) * XBLOCK
V0811 18:11:45.968000 1217780 torch/_inductor/graph.py:2371] [2/1] [__output_code]     xindex = xoffset + tl.arange(0, XBLOCK)[:, None]
V0811 18:11:45.968000 1217780 torch/_inductor/graph.py:2371] [2/1] [__output_code]     xmask = tl.full([XBLOCK, R0_BLOCK], True, tl.int1)
V0811 18:11:45.968000 1217780 torch/_inductor/graph.py:2371] [2/1] [__output_code]     r0_index = tl.arange(0, R0_BLOCK)[None, :]
V0811 18:11:45.968000 1217780 torch/_inductor/graph.py:2371] [2/1] [__output_code]     r0_offset = 0
V0811 18:11:45.968000 1217780 torch/_inductor/graph.py:2371] [2/1] [__output_code]     r0_mask = tl.full([XBLOCK, R0_BLOCK], True, tl.int1)
V0811 18:11:45.968000 1217780 torch/_inductor/graph.py:2371] [2/1] [__output_code]     roffset = r0_offset
V0811 18:11:45.968000 1217780 torch/_inductor/graph.py:2371] [2/1] [__output_code]     rindex = r0_index
V0811 18:11:45.968000 1217780 torch/_inductor/graph.py:2371] [2/1] [__output_code]     r0_1 = r0_index
V0811 18:11:45.968000 1217780 torch/_inductor/graph.py:2371] [2/1] [__output_code]     x0 = xindex
V0811 18:11:45.968000 1217780 torch/_inductor/graph.py:2371] [2/1] [__output_code]     tmp0 = tl.load(in_ptr0 + (r0_1 + 128*x0), None)
V0811 18:11:45.968000 1217780 torch/_inductor/graph.py:2371] [2/1] [__output_code]     tmp5 = tl.load(in_ptr1 + (r0_1), None, eviction_policy='evict_last')
V0811 18:11:45.968000 1217780 torch/_inductor/graph.py:2371] [2/1] [__output_code]     tmp1 = tmp0 * tmp0
V0811 18:11:45.968000 1217780 torch/_inductor/graph.py:2371] [2/1] [__output_code]     tmp2 = tl.broadcast_to(tmp1, [XBLOCK, R0_BLOCK])
V0811 18:11:45.968000 1217780 torch/_inductor/graph.py:2371] [2/1] [__output_code]     tmp4 = tl.sum(tmp2, 1)[:, None].to(tl.float32)
V0811 18:11:45.968000 1217780 torch/_inductor/graph.py:2371] [2/1] [__output_code]     tmp6 = 128.0
V0811 18:11:45.968000 1217780 torch/_inductor/graph.py:2371] [2/1] [__output_code]     tmp7 = (tmp4 / tmp6)
V0811 18:11:45.968000 1217780 torch/_inductor/graph.py:2371] [2/1] [__output_code]     tmp8 = 1e-06
V0811 18:11:45.968000 1217780 torch/_inductor/graph.py:2371] [2/1] [__output_code]     tmp9 = tmp7 + tmp8
V0811 18:11:45.968000 1217780 torch/_inductor/graph.py:2371] [2/1] [__output_code]     tmp10 = tl.rsqrt(tmp9)
V0811 18:11:45.968000 1217780 torch/_inductor/graph.py:2371] [2/1] [__output_code]     tmp11 = tmp0 * tmp10
V0811 18:11:45.968000 1217780 torch/_inductor/graph.py:2371] [2/1] [__output_code]     tmp12 = tmp5 * tmp11
V0811 18:11:45.968000 1217780 torch/_inductor/graph.py:2371] [2/1] [__output_code]     tl.store(out_ptr1 + (r0_1 + 128*x0), tmp12, None)
V0811 18:11:45.968000 1217780 torch/_inductor/graph.py:2371] [2/1] [__output_code] ''', device_str='cuda')
V0811 18:11:45.968000 1217780 torch/_inductor/graph.py:2371] [2/1] [__output_code] 
V0811 18:11:45.968000 1217780 torch/_inductor/graph.py:2371] [2/1] [__output_code] 
V0811 18:11:45.968000 1217780 torch/_inductor/graph.py:2371] [2/1] [__output_code] async_compile.wait(globals())
V0811 18:11:45.968000 1217780 torch/_inductor/graph.py:2371] [2/1] [__output_code] del async_compile
V0811 18:11:45.968000 1217780 torch/_inductor/graph.py:2371] [2/1] [__output_code] 
V0811 18:11:45.968000 1217780 torch/_inductor/graph.py:2371] [2/1] [__output_code] class Runner:
V0811 18:11:45.968000 1217780 torch/_inductor/graph.py:2371] [2/1] [__output_code]     def __init__(self, partitions):
V0811 18:11:45.968000 1217780 torch/_inductor/graph.py:2371] [2/1] [__output_code]         self.partitions = partitions
V0811 18:11:45.968000 1217780 torch/_inductor/graph.py:2371] [2/1] [__output_code] 
V0811 18:11:45.968000 1217780 torch/_inductor/graph.py:2371] [2/1] [__output_code]     def recursively_apply_fns(self, fns):
V0811 18:11:45.968000 1217780 torch/_inductor/graph.py:2371] [2/1] [__output_code]         new_callables = []
V0811 18:11:45.968000 1217780 torch/_inductor/graph.py:2371] [2/1] [__output_code]         for fn, c in zip(fns, self.partitions):
V0811 18:11:45.968000 1217780 torch/_inductor/graph.py:2371] [2/1] [__output_code]             new_callables.append(fn(c))
V0811 18:11:45.968000 1217780 torch/_inductor/graph.py:2371] [2/1] [__output_code]         self.partitions = new_callables
V0811 18:11:45.968000 1217780 torch/_inductor/graph.py:2371] [2/1] [__output_code] 
V0811 18:11:45.968000 1217780 torch/_inductor/graph.py:2371] [2/1] [__output_code]     def call(self, args):
V0811 18:11:45.968000 1217780 torch/_inductor/graph.py:2371] [2/1] [__output_code]         arg0_1, arg1_1 = args
V0811 18:11:45.968000 1217780 torch/_inductor/graph.py:2371] [2/1] [__output_code]         args.clear()
V0811 18:11:45.968000 1217780 torch/_inductor/graph.py:2371] [2/1] [__output_code]         assert_size_stride(arg0_1, (8, 128, 32, 128), (524288, 4096, 128, 1))
V0811 18:11:45.968000 1217780 torch/_inductor/graph.py:2371] [2/1] [__output_code]         assert_size_stride(arg1_1, (128, ), (1, ))
V0811 18:11:45.968000 1217780 torch/_inductor/graph.py:2371] [2/1] [__output_code]         with torch.cuda._DeviceGuard(0):
V0811 18:11:45.968000 1217780 torch/_inductor/graph.py:2371] [2/1] [__output_code]             torch.cuda.set_device(0)
V0811 18:11:45.968000 1217780 torch/_inductor/graph.py:2371] [2/1] [__output_code]             buf1 = empty_strided_cuda((8, 128, 32, 128), (524288, 4096, 128, 1), torch.float32)
V0811 18:11:45.968000 1217780 torch/_inductor/graph.py:2371] [2/1] [__output_code]             # Topologically Sorted Source Nodes: [pow_1, variance, add, rsqrt, x_1, mul_1], Original ATen: [aten.pow, aten.mean, aten.add, aten.rsqrt, aten.mul]
V0811 18:11:45.968000 1217780 torch/_inductor/graph.py:2371] [2/1] [__output_code]             stream0 = get_raw_stream(0)
V0811 18:11:45.968000 1217780 torch/_inductor/graph.py:2371] [2/1] [__output_code]             triton_per_fused_add_mean_mul_pow_rsqrt_0.run(arg0_1, arg1_1, buf1, 32768, 128, stream=stream0)
V0811 18:11:45.968000 1217780 torch/_inductor/graph.py:2371] [2/1] [__output_code]             del arg0_1
V0811 18:11:45.968000 1217780 torch/_inductor/graph.py:2371] [2/1] [__output_code]             del arg1_1
V0811 18:11:45.968000 1217780 torch/_inductor/graph.py:2371] [2/1] [__output_code]         return (buf1, )
V0811 18:11:45.968000 1217780 torch/_inductor/graph.py:2371] [2/1] [__output_code] 
V0811 18:11:45.968000 1217780 torch/_inductor/graph.py:2371] [2/1] [__output_code] runner = Runner(partitions=[])
V0811 18:11:45.968000 1217780 torch/_inductor/graph.py:2371] [2/1] [__output_code] call = runner.call
V0811 18:11:45.968000 1217780 torch/_inductor/graph.py:2371] [2/1] [__output_code] recursively_apply_fns = runner.recursively_apply_fns
V0811 18:11:45.968000 1217780 torch/_inductor/graph.py:2371] [2/1] [__output_code] 
V0811 18:11:45.968000 1217780 torch/_inductor/graph.py:2371] [2/1] [__output_code] 
V0811 18:11:45.968000 1217780 torch/_inductor/graph.py:2371] [2/1] [__output_code] def benchmark_compiled_module(times=10, repeat=10):
V0811 18:11:45.968000 1217780 torch/_inductor/graph.py:2371] [2/1] [__output_code]     from torch._dynamo.testing import rand_strided
V0811 18:11:45.968000 1217780 torch/_inductor/graph.py:2371] [2/1] [__output_code]     from torch._inductor.utils import print_performance
V0811 18:11:45.968000 1217780 torch/_inductor/graph.py:2371] [2/1] [__output_code]     arg0_1 = rand_strided((8, 128, 32, 128), (524288, 4096, 128, 1), device='cuda:0', dtype=torch.float32)
V0811 18:11:45.968000 1217780 torch/_inductor/graph.py:2371] [2/1] [__output_code]     arg1_1 = rand_strided((128, ), (1, ), device='cuda:0', dtype=torch.float32)
V0811 18:11:45.968000 1217780 torch/_inductor/graph.py:2371] [2/1] [__output_code]     fn = lambda: call([arg0_1, arg1_1])
V0811 18:11:45.968000 1217780 torch/_inductor/graph.py:2371] [2/1] [__output_code]     return print_performance(fn, times=times, repeat=repeat)
V0811 18:11:45.968000 1217780 torch/_inductor/graph.py:2371] [2/1] [__output_code] 
V0811 18:11:45.968000 1217780 torch/_inductor/graph.py:2371] [2/1] [__output_code] 
V0811 18:11:45.968000 1217780 torch/_inductor/graph.py:2371] [2/1] [__output_code] if __name__ == "__main__":
V0811 18:11:45.968000 1217780 torch/_inductor/graph.py:2371] [2/1] [__output_code]     from torch._inductor.wrapper_benchmark import compiled_module_main
V0811 18:11:45.968000 1217780 torch/_inductor/graph.py:2371] [2/1] [__output_code]     compiled_module_main('None', benchmark_compiled_module)
V0811 18:11:45.968000 1217780 torch/_inductor/graph.py:2371] [2/1] [__output_code] 
V0811 18:11:45.969000 1217780 torch/_inductor/graph.py:2382] [2/1] [__output_code] Output code written to: /tmp/ind_fresh_v1/cc/cccc7h3oqcylmnhaulq6qaxs264wfbplcdrloj26vwud23seqskq.py
I0811 18:11:46.280000 1217780 torch/_inductor/graph.py:2343] [2/1] [__output_code] Output code written to: /tmp/ind_fresh_v1/cc/cccc7h3oqcylmnhaulq6qaxs264wfbplcdrloj26vwud23seqskq.py
V0811 18:11:46.321000 1217780 torch/_dynamo/guards.py:4181] [2/2] [__recompiles] Recompiling function rms_norm in <reference>:68
V0811 18:11:46.321000 1217780 torch/_dynamo/guards.py:4181] [2/2] [__recompiles]     triggered by the following guard failure(s):
V0811 18:11:46.321000 1217780 torch/_dynamo/guards.py:4181] [2/2] [__recompiles]     - 2/1: tensor 'x' size mismatch at index 2. expected 32, actual 4
V0811 18:11:46.321000 1217780 torch/_dynamo/guards.py:4181] [2/2] [__recompiles]     - 2/0: tensor 'x' rank mismatch. expected 3, actual 4
V0811 18:11:46.378000 1217780 torch/_inductor/graph.py:2371] [2/2] [__output_code] Output code: 
V0811 18:11:46.378000 1217780 torch/_inductor/graph.py:2371] [2/2] [__output_code] # AOT ID: ['2_inference']
V0811 18:11:46.378000 1217780 torch/_inductor/graph.py:2371] [2/2] [__output_code] from ctypes import c_void_p, c_long, c_int
V0811 18:11:46.378000 1217780 torch/_inductor/graph.py:2371] [2/2] [__output_code] import torch
V0811 18:11:46.378000 1217780 torch/_inductor/graph.py:2371] [2/2] [__output_code] import math
V0811 18:11:46.378000 1217780 torch/_inductor/graph.py:2371] [2/2] [__output_code] import random
V0811 18:11:46.378000 1217780 torch/_inductor/graph.py:2371] [2/2] [__output_code] import os
V0811 18:11:46.378000 1217780 torch/_inductor/graph.py:2371] [2/2] [__output_code] import tempfile
V0811 18:11:46.378000 1217780 torch/_inductor/graph.py:2371] [2/2] [__output_code] from math import inf, nan
V0811 18:11:46.378000 1217780 torch/_inductor/graph.py:2371] [2/2] [__output_code] from cmath import nanj
V0811 18:11:46.378000 1217780 torch/_inductor/graph.py:2371] [2/2] [__output_code] from torch._inductor.hooks import run_intermediate_hooks
V0811 18:11:46.378000 1217780 torch/_inductor/graph.py:2371] [2/2] [__output_code] from torch._inductor.utils import maybe_profile
V0811 18:11:46.378000 1217780 torch/_inductor/graph.py:2371] [2/2] [__output_code] from torch._inductor.codegen.memory_planning import _align as align
V0811 18:11:46.378000 1217780 torch/_inductor/graph.py:2371] [2/2] [__output_code] from torch import device, empty_strided
V0811 18:11:46.378000 1217780 torch/_inductor/graph.py:2371] [2/2] [__output_code] from torch._inductor.async_compile import AsyncCompile
V0811 18:11:46.378000 1217780 torch/_inductor/graph.py:2371] [2/2] [__output_code] from torch._inductor.select_algorithm import extern_kernels
V0811 18:11:46.378000 1217780 torch/_inductor/graph.py:2371] [2/2] [__output_code] import triton
V0811 18:11:46.378000 1217780 torch/_inductor/graph.py:2371] [2/2] [__output_code] import triton.language as tl
V0811 18:11:46.378000 1217780 torch/_inductor/graph.py:2371] [2/2] [__output_code] from torch._inductor.runtime.triton_heuristics import start_graph, end_graph
V0811 18:11:46.378000 1217780 torch/_inductor/graph.py:2371] [2/2] [__output_code] from torch._C import _cuda_getCurrentRawStream as get_raw_stream
V0811 18:11:46.378000 1217780 torch/_inductor/graph.py:2371] [2/2] [__output_code] 
V0811 18:11:46.378000 1217780 torch/_inductor/graph.py:2371] [2/2] [__output_code] aten = torch.ops.aten
V0811 18:11:46.378000 1217780 torch/_inductor/graph.py:2371] [2/2] [__output_code] inductor_ops = torch.ops.inductor
V0811 18:11:46.378000 1217780 torch/_inductor/graph.py:2371] [2/2] [__output_code] _quantized = torch.ops._quantized
V0811 18:11:46.378000 1217780 torch/_inductor/graph.py:2371] [2/2] [__output_code] assert_size_stride = torch._C._dynamo.guards.assert_size_stride
V0811 18:11:46.378000 1217780 torch/_inductor/graph.py:2371] [2/2] [__output_code] assert_alignment = torch._C._dynamo.guards.assert_alignment
V0811 18:11:46.378000 1217780 torch/_inductor/graph.py:2371] [2/2] [__output_code] empty_strided_cpu = torch._C._dynamo.guards._empty_strided_cpu
V0811 18:11:46.378000 1217780 torch/_inductor/graph.py:2371] [2/2] [__output_code] empty_strided_cpu_pinned = torch._C._dynamo.guards._empty_strided_cpu_pinned
V0811 18:11:46.378000 1217780 torch/_inductor/graph.py:2371] [2/2] [__output_code] empty_strided_cuda = torch._C._dynamo.guards._empty_strided_cuda
V0811 18:11:46.378000 1217780 torch/_inductor/graph.py:2371] [2/2] [__output_code] empty_strided_xpu = torch._C._dynamo.guards._empty_strided_xpu
V0811 18:11:46.378000 1217780 torch/_inductor/graph.py:2371] [2/2] [__output_code] empty_strided_mtia = torch._C._dynamo.guards._empty_strided_mtia
V0811 18:11:46.378000 1217780 torch/_inductor/graph.py:2371] [2/2] [__output_code] reinterpret_tensor = torch._C._dynamo.guards._reinterpret_tensor
V0811 18:11:46.378000 1217780 torch/_inductor/graph.py:2371] [2/2] [__output_code] alloc_from_pool = torch.ops.inductor._alloc_from_pool
V0811 18:11:46.378000 1217780 torch/_inductor/graph.py:2371] [2/2] [__output_code] async_compile = AsyncCompile()
V0811 18:11:46.378000 1217780 torch/_inductor/graph.py:2371] [2/2] [__output_code] empty_strided_p2p = torch._C._distributed_c10d._SymmetricMemory.empty_strided_p2p
V0811 18:11:46.378000 1217780 torch/_inductor/graph.py:2371] [2/2] [__output_code] 
V0811 18:11:46.378000 1217780 torch/_inductor/graph.py:2371] [2/2] [__output_code] 
V0811 18:11:46.378000 1217780 torch/_inductor/graph.py:2371] [2/2] [__output_code] # kernel path: /tmp/ind_fresh_v1/gq/cgqffvykgjibwndsi3lhrmnnzblhlennfucccy4mifjzx7kyu5uf.py
V0811 18:11:46.378000 1217780 torch/_inductor/graph.py:2371] [2/2] [__output_code] # Topologically Sorted Source Nodes: [pow_1, variance, add, rsqrt, x_1, mul_1], Original ATen: [aten.pow, aten.mean, aten.add, aten.rsqrt, aten.mul]
V0811 18:11:46.378000 1217780 torch/_inductor/graph.py:2371] [2/2] [__output_code] # Source node to ATen node mapping:
V0811 18:11:46.378000 1217780 torch/_inductor/graph.py:2371] [2/2] [__output_code] #   add => add
V0811 18:11:46.378000 1217780 torch/_inductor/graph.py:2371] [2/2] [__output_code] #   mul_1 => mul_1
V0811 18:11:46.378000 1217780 torch/_inductor/graph.py:2371] [2/2] [__output_code] #   pow_1 => pow_1
V0811 18:11:46.378000 1217780 torch/_inductor/graph.py:2371] [2/2] [__output_code] #   rsqrt => rsqrt
V0811 18:11:46.378000 1217780 torch/_inductor/graph.py:2371] [2/2] [__output_code] #   variance => mean
V0811 18:11:46.378000 1217780 torch/_inductor/graph.py:2371] [2/2] [__output_code] #   x_1 => mul
V0811 18:11:46.378000 1217780 torch/_inductor/graph.py:2371] [2/2] [__output_code] # Graph fragment:
V0811 18:11:46.378000 1217780 torch/_inductor/graph.py:2371] [2/2] [__output_code] #   %arg0_1 : Tensor "f32[8, 128, 4, 128][65536, 512, 128, 1]cuda:0" = PlaceHolder[target=arg0_1]
V0811 18:11:46.378000 1217780 torch/_inductor/graph.py:2371] [2/2] [__output_code] #   %arg1_1 : Tensor "f32[128][1]cuda:0" = PlaceHolder[target=arg1_1]
V0811 18:11:46.378000 1217780 torch/_inductor/graph.py:2371] [2/2] [__output_code] #   %buf0 : Tensor "f32[8, 128, 4, 1][512, 4, 1, 4096]cuda:0" = PlaceHolder[target=buf0]
V0811 18:11:46.378000 1217780 torch/_inductor/graph.py:2371] [2/2] [__output_code] #   %pow_1 : Tensor "f32[8, 128, 4, 128][65536, 512, 128, 1]cuda:0"[num_users=1] = call_function[target=torch.ops.aten.pow.Tensor_Scalar](args = (%arg0_1, 2), kwargs = {})
V0811 18:11:46.378000 1217780 torch/_inductor/graph.py:2371] [2/2] [__output_code] #   %mean : Tensor "f32[8, 128, 4, 1][512, 4, 1, 1]cuda:0"[num_users=1] = call_function[target=torch.ops.aten.mean.dim](args = (%pow_1, [-1], True), kwargs = {})
V0811 18:11:46.378000 1217780 torch/_inductor/graph.py:2371] [2/2] [__output_code] #   %add : Tensor "f32[8, 128, 4, 1][512, 4, 1, 1]cuda:0"[num_users=1] = call_function[target=torch.ops.aten.add.Tensor](args = (%mean, 1e-06), kwargs = {})
V0811 18:11:46.378000 1217780 torch/_inductor/graph.py:2371] [2/2] [__output_code] #   %rsqrt : Tensor "f32[8, 128, 4, 1][512, 4, 1, 1]cuda:0"[num_users=1] = call_function[target=torch.ops.aten.rsqrt.default](args = (%add,), kwargs = {})
V0811 18:11:46.378000 1217780 torch/_inductor/graph.py:2371] [2/2] [__output_code] #   %mul : Tensor "f32[8, 128, 4, 128][65536, 512, 128, 1]cuda:0"[num_users=1] = call_function[target=torch.ops.aten.mul.Tensor](args = (%arg0_1, %rsqrt), kwargs = {})
V0811 18:11:46.378000 1217780 torch/_inductor/graph.py:2371] [2/2] [__output_code] #   %mul_1 : Tensor "f32[8, 128, 4, 128][65536, 512, 128, 1]cuda:0"[num_users=1] = call_function[target=torch.ops.aten.mul.Tensor](args = (%arg1_1, %mul), kwargs = {})
V0811 18:11:46.378000 1217780 torch/_inductor/graph.py:2371] [2/2] [__output_code] #   return %buf0,%mul_1
V0811 18:11:46.378000 1217780 torch/_inductor/graph.py:2371] [2/2] [__output_code] triton_per_fused_add_mean_mul_pow_rsqrt_0 = async_compile.triton('triton_per_fused_add_mean_mul_pow_rsqrt_0', '''
V0811 18:11:46.378000 1217780 torch/_inductor/graph.py:2371] [2/2] [__output_code] import triton
V0811 18:11:46.378000 1217780 torch/_inductor/graph.py:2371] [2/2] [__output_code] import triton.language as tl
V0811 18:11:46.378000 1217780 torch/_inductor/graph.py:2371] [2/2] [__output_code] 
V0811 18:11:46.378000 1217780 torch/_inductor/graph.py:2371] [2/2] [__output_code] from torch._inductor.runtime import triton_helpers, triton_heuristics
V0811 18:11:46.378000 1217780 torch/_inductor/graph.py:2371] [2/2] [__output_code] from torch._inductor.runtime.triton_helpers import libdevice, math as tl_math
V0811 18:11:46.378000 1217780 torch/_inductor/graph.py:2371] [2/2] [__output_code] from torch._inductor.runtime.hints import AutotuneHint, ReductionHint, TileHint, DeviceProperties
V0811 18:11:46.378000 1217780 torch/_inductor/graph.py:2371] [2/2] [__output_code] triton_helpers.set_driver_to_gpu()
V0811 18:11:46.378000 1217780 torch/_inductor/graph.py:2371] [2/2] [__output_code] 
V0811 18:11:46.378000 1217780 torch/_inductor/graph.py:2371] [2/2] [__output_code] @triton_heuristics.persistent_reduction(
V0811 18:11:46.378000 1217780 torch/_inductor/graph.py:2371] [2/2] [__output_code]     size_hints={'x': 4096, 'r0_': 128},
V0811 18:11:46.378000 1217780 torch/_inductor/graph.py:2371] [2/2] [__output_code]     reduction_hint=ReductionHint.INNER,
V0811 18:11:46.378000 1217780 torch/_inductor/graph.py:2371] [2/2] [__output_code]     filename=__file__,
V0811 18:11:46.378000 1217780 torch/_inductor/graph.py:2371] [2/2] [__output_code]     triton_meta={'signature': {'in_ptr0': '*fp32', 'in_ptr1': '*fp32', 'out_ptr1': '*fp32', 'xnumel': 'i32', 'r0_numel': 'i32', 'XBLOCK': 'constexpr'}, 'device': DeviceProperties(type='hip', index=0, multi_processor_count=256, cc='gfx950', major=9, regs_per_multiprocessor=131072, max_threads_per_multi_processor=2048, warp_size=64), 'constants': {}, 'configs': [{(0,): [['tt.divisibility', 16]], (1,): [['tt.divisibility', 16]], (2,): [['tt.divisibility', 16]], (3,): [['tt.divisibility', 16]], (4,): [['tt.divisibility', 16]]}]},
V0811 18:11:46.378000 1217780 torch/_inductor/graph.py:2371] [2/2] [__output_code]     inductor_meta={'grid_type': 'Grid1D', 'autotune_hints': set(), 'kernel_name': 'triton_per_fused_add_mean_mul_pow_rsqrt_0', 'mutated_arg_names': [], 'optimize_mem': True, 'no_x_dim': False, 'num_load': 2, 'num_reduction': 1, 'backend_hash': '3B45B788E7A93FDBE6415415DDBAD4068A99A550D251B49B2716808341DC9BDD', 'are_deterministic_algorithms_enabled': False, 'assert_indirect_indexing': True, 'autotune_local_cache': True, 'autotune_pointwise': True, 'autotune_remote_cache': None, 'force_disable_caches': False, 'dynamic_scale_rblock': True, 'max_autotune': False, 'max_autotune_pointwise': False, 'min_split_scan_rblock': 256, 'spill_threshold': 32, 'store_cubin': False, 'is_hip': True, 'tiling_scores': {'x': 0, 'r0_': 6291968}}
V0811 18:11:46.378000 1217780 torch/_inductor/graph.py:2371] [2/2] [__output_code] )
V0811 18:11:46.378000 1217780 torch/_inductor/graph.py:2371] [2/2] [__output_code] @triton.jit
V0811 18:11:46.378000 1217780 torch/_inductor/graph.py:2371] [2/2] [__output_code] def triton_per_fused_add_mean_mul_pow_rsqrt_0(in_ptr0, in_ptr1, out_ptr1, xnumel, r0_numel, XBLOCK : tl.constexpr):
V0811 18:11:46.378000 1217780 torch/_inductor/graph.py:2371] [2/2] [__output_code]     xnumel = 4096
V0811 18:11:46.378000 1217780 torch/_inductor/graph.py:2371] [2/2] [__output_code]     r0_numel = 128
V0811 18:11:46.378000 1217780 torch/_inductor/graph.py:2371] [2/2] [__output_code]     R0_BLOCK: tl.constexpr = 128
V0811 18:11:46.378000 1217780 torch/_inductor/graph.py:2371] [2/2] [__output_code]     rnumel = r0_numel
V0811 18:11:46.378000 1217780 torch/_inductor/graph.py:2371] [2/2] [__output_code]     RBLOCK: tl.constexpr = R0_BLOCK
V0811 18:11:46.378000 1217780 torch/_inductor/graph.py:2371] [2/2] [__output_code]     xoffset = tl.program_id(0) * XBLOCK
V0811 18:11:46.378000 1217780 torch/_inductor/graph.py:2371] [2/2] [__output_code]     xindex = xoffset + tl.arange(0, XBLOCK)[:, None]
V0811 18:11:46.378000 1217780 torch/_inductor/graph.py:2371] [2/2] [__output_code]     xmask = xindex < xnumel
V0811 18:11:46.378000 1217780 torch/_inductor/graph.py:2371] [2/2] [__output_code]     r0_index = tl.arange(0, R0_BLOCK)[None, :]
V0811 18:11:46.378000 1217780 torch/_inductor/graph.py:2371] [2/2] [__output_code]     r0_offset = 0
V0811 18:11:46.378000 1217780 torch/_inductor/graph.py:2371] [2/2] [__output_code]     r0_mask = tl.full([XBLOCK, R0_BLOCK], True, tl.int1)
V0811 18:11:46.378000 1217780 torch/_inductor/graph.py:2371] [2/2] [__output_code]     roffset = r0_offset
V0811 18:11:46.378000 1217780 torch/_inductor/graph.py:2371] [2/2] [__output_code]     rindex = r0_index
V0811 18:11:46.378000 1217780 torch/_inductor/graph.py:2371] [2/2] [__output_code]     r0_1 = r0_index
V0811 18:11:46.378000 1217780 torch/_inductor/graph.py:2371] [2/2] [__output_code]     x0 = xindex
V0811 18:11:46.378000 1217780 torch/_inductor/graph.py:2371] [2/2] [__output_code]     tmp0 = tl.load(in_ptr0 + (r0_1 + 128*x0), xmask, other=0.0)
V0811 18:11:46.378000 1217780 torch/_inductor/graph.py:2371] [2/2] [__output_code]     tmp6 = tl.load(in_ptr1 + (r0_1), None, eviction_policy='evict_last')
V0811 18:11:46.378000 1217780 torch/_inductor/graph.py:2371] [2/2] [__output_code]     tmp1 = tmp0 * tmp0
V0811 18:11:46.378000 1217780 torch/_inductor/graph.py:2371] [2/2] [__output_code]     tmp2 = tl.broadcast_to(tmp1, [XBLOCK, R0_BLOCK])
V0811 18:11:46.378000 1217780 torch/_inductor/graph.py:2371] [2/2] [__output_code]     tmp4 = tl.where(xmask, tmp2, 0)
V0811 18:11:46.378000 1217780 torch/_inductor/graph.py:2371] [2/2] [__output_code]     tmp5 = tl.sum(tmp4, 1)[:, None].to(tl.float32)
V0811 18:11:46.378000 1217780 torch/_inductor/graph.py:2371] [2/2] [__output_code]     tmp7 = 128.0
V0811 18:11:46.378000 1217780 torch/_inductor/graph.py:2371] [2/2] [__output_code]     tmp8 = (tmp5 / tmp7)
V0811 18:11:46.378000 1217780 torch/_inductor/graph.py:2371] [2/2] [__output_code]     tmp9 = 1e-06
V0811 18:11:46.378000 1217780 torch/_inductor/graph.py:2371] [2/2] [__output_code]     tmp10 = tmp8 + tmp9
V0811 18:11:46.378000 1217780 torch/_inductor/graph.py:2371] [2/2] [__output_code]     tmp11 = tl.rsqrt(tmp10)
V0811 18:11:46.378000 1217780 torch/_inductor/graph.py:2371] [2/2] [__output_code]     tmp12 = tmp0 * tmp11
V0811 18:11:46.378000 1217780 torch/_inductor/graph.py:2371] [2/2] [__output_code]     tmp13 = tmp6 * tmp12
V0811 18:11:46.378000 1217780 torch/_inductor/graph.py:2371] [2/2] [__output_code]     tl.store(out_ptr1 + (r0_1 + 128*x0), tmp13, xmask)
V0811 18:11:46.378000 1217780 torch/_inductor/graph.py:2371] [2/2] [__output_code] ''', device_str='cuda')
V0811 18:11:46.378000 1217780 torch/_inductor/graph.py:2371] [2/2] [__output_code] 
V0811 18:11:46.378000 1217780 torch/_inductor/graph.py:2371] [2/2] [__output_code] 
V0811 18:11:46.378000 1217780 torch/_inductor/graph.py:2371] [2/2] [__output_code] async_compile.wait(globals())
V0811 18:11:46.378000 1217780 torch/_inductor/graph.py:2371] [2/2] [__output_code] del async_compile
V0811 18:11:46.378000 1217780 torch/_inductor/graph.py:2371] [2/2] [__output_code] 
V0811 18:11:46.378000 1217780 torch/_inductor/graph.py:2371] [2/2] [__output_code] class Runner:
V0811 18:11:46.378000 1217780 torch/_inductor/graph.py:2371] [2/2] [__output_code]     def __init__(self, partitions):
V0811 18:11:46.378000 1217780 torch/_inductor/graph.py:2371] [2/2] [__output_code]         self.partitions = partitions
V0811 18:11:46.378000 1217780 torch/_inductor/graph.py:2371] [2/2] [__output_code] 
V0811 18:11:46.378000 1217780 torch/_inductor/graph.py:2371] [2/2] [__output_code]     def recursively_apply_fns(self, fns):
V0811 18:11:46.378000 1217780 torch/_inductor/graph.py:2371] [2/2] [__output_code]         new_callables = []
V0811 18:11:46.378000 1217780 torch/_inductor/graph.py:2371] [2/2] [__output_code]         for fn, c in zip(fns, self.partitions):
V0811 18:11:46.378000 1217780 torch/_inductor/graph.py:2371] [2/2] [__output_code]             new_callables.append(fn(c))
V0811 18:11:46.378000 1217780 torch/_inductor/graph.py:2371] [2/2] [__output_code]         self.partitions = new_callables
V0811 18:11:46.378000 1217780 torch/_inductor/graph.py:2371] [2/2] [__output_code] 
V0811 18:11:46.378000 1217780 torch/_inductor/graph.py:2371] [2/2] [__output_code]     def call(self, args):
V0811 18:11:46.378000 1217780 torch/_inductor/graph.py:2371] [2/2] [__output_code]         arg0_1, arg1_1 = args
V0811 18:11:46.378000 1217780 torch/_inductor/graph.py:2371] [2/2] [__output_code]         args.clear()
V0811 18:11:46.378000 1217780 torch/_inductor/graph.py:2371] [2/2] [__output_code]         assert_size_stride(arg0_1, (8, 128, 4, 128), (65536, 512, 128, 1))
V0811 18:11:46.378000 1217780 torch/_inductor/graph.py:2371] [2/2] [__output_code]         assert_size_stride(arg1_1, (128, ), (1, ))
V0811 18:11:46.378000 1217780 torch/_inductor/graph.py:2371] [2/2] [__output_code]         with torch.cuda._DeviceGuard(0):
V0811 18:11:46.378000 1217780 torch/_inductor/graph.py:2371] [2/2] [__output_code]             torch.cuda.set_device(0)
V0811 18:11:46.378000 1217780 torch/_inductor/graph.py:2371] [2/2] [__output_code]             buf1 = empty_strided_cuda((8, 128, 4, 128), (65536, 512, 128, 1), torch.float32)
V0811 18:11:46.378000 1217780 torch/_inductor/graph.py:2371] [2/2] [__output_code]             # Topologically Sorted Source Nodes: [pow_1, variance, add, rsqrt, x_1, mul_1], Original ATen: [aten.pow, aten.mean, aten.add, aten.rsqrt, aten.mul]
V0811 18:11:46.378000 1217780 torch/_inductor/graph.py:2371] [2/2] [__output_code]             stream0 = get_raw_stream(0)
V0811 18:11:46.378000 1217780 torch/_inductor/graph.py:2371] [2/2] [__output_code]             triton_per_fused_add_mean_mul_pow_rsqrt_0.run(arg0_1, arg1_1, buf1, 4096, 128, stream=stream0)
V0811 18:11:46.378000 1217780 torch/_inductor/graph.py:2371] [2/2] [__output_code]             del arg0_1
V0811 18:11:46.378000 1217780 torch/_inductor/graph.py:2371] [2/2] [__output_code]             del arg1_1
V0811 18:11:46.378000 1217780 torch/_inductor/graph.py:2371] [2/2] [__output_code]         return (buf1, )
V0811 18:11:46.378000 1217780 torch/_inductor/graph.py:2371] [2/2] [__output_code] 
V0811 18:11:46.378000 1217780 torch/_inductor/graph.py:2371] [2/2] [__output_code] runner = Runner(partitions=[])
V0811 18:11:46.378000 1217780 torch/_inductor/graph.py:2371] [2/2] [__output_code] call = runner.call
V0811 18:11:46.378000 1217780 torch/_inductor/graph.py:2371] [2/2] [__output_code] recursively_apply_fns = runner.recursively_apply_fns
V0811 18:11:46.378000 1217780 torch/_inductor/graph.py:2371] [2/2] [__output_code] 
V0811 18:11:46.378000 1217780 torch/_inductor/graph.py:2371] [2/2] [__output_code] 
V0811 18:11:46.378000 1217780 torch/_inductor/graph.py:2371] [2/2] [__output_code] def benchmark_compiled_module(times=10, repeat=10):
V0811 18:11:46.378000 1217780 torch/_inductor/graph.py:2371] [2/2] [__output_code]     from torch._dynamo.testing import rand_strided
V0811 18:11:46.378000 1217780 torch/_inductor/graph.py:2371] [2/2] [__output_code]     from torch._inductor.utils import print_performance
V0811 18:11:46.378000 1217780 torch/_inductor/graph.py:2371] [2/2] [__output_code]     arg0_1 = rand_strided((8, 128, 4, 128), (65536, 512, 128, 1), device='cuda:0', dtype=torch.float32)
V0811 18:11:46.378000 1217780 torch/_inductor/graph.py:2371] [2/2] [__output_code]     arg1_1 = rand_strided((128, ), (1, ), device='cuda:0', dtype=torch.float32)
V0811 18:11:46.378000 1217780 torch/_inductor/graph.py:2371] [2/2] [__output_code]     fn = lambda: call([arg0_1, arg1_1])
V0811 18:11:46.378000 1217780 torch/_inductor/graph.py:2371] [2/2] [__output_code]     return print_performance(fn, times=times, repeat=repeat)
V0811 18:11:46.378000 1217780 torch/_inductor/graph.py:2371] [2/2] [__output_code] 
V0811 18:11:46.378000 1217780 torch/_inductor/graph.py:2371] [2/2] [__output_code] 
V0811 18:11:46.378000 1217780 torch/_inductor/graph.py:2371] [2/2] [__output_code] if __name__ == "__main__":
V0811 18:11:46.378000 1217780 torch/_inductor/graph.py:2371] [2/2] [__output_code]     from torch._inductor.wrapper_benchmark import compiled_module_main
V0811 18:11:46.378000 1217780 torch/_inductor/graph.py:2371] [2/2] [__output_code]     compiled_module_main('None', benchmark_compiled_module)
V0811 18:11:46.378000 1217780 torch/_inductor/graph.py:2371] [2/2] [__output_code] 
V0811 18:11:46.379000 1217780 torch/_inductor/graph.py:2382] [2/2] [__output_code] Output code written to: /tmp/ind_fresh_v1/jd/cjdfum3kln7w567ot67cv24cqtwyisntnrsw7gjfvmxfjw2n7h6s.py
I0811 18:11:46.608000 1217780 torch/_inductor/graph.py:2343] [2/2] [__output_code] Output code written to: /tmp/ind_fresh_v1/jd/cjdfum3kln7w567ot67cv24cqtwyisntnrsw7gjfvmxfjw2n7h6s.py
V0811 18:11:46.784000 1217780 torch/_inductor/graph.py:2371] [3/0] [__output_code] Output code: 
V0811 18:11:46.784000 1217780 torch/_inductor/graph.py:2371] [3/0] [__output_code] # AOT ID: ['3_inference']
V0811 18:11:46.784000 1217780 torch/_inductor/graph.py:2371] [3/0] [__output_code] from ctypes import c_void_p, c_long, c_int
V0811 18:11:46.784000 1217780 torch/_inductor/graph.py:2371] [3/0] [__output_code] import torch
V0811 18:11:46.784000 1217780 torch/_inductor/graph.py:2371] [3/0] [__output_code] import math
V0811 18:11:46.784000 1217780 torch/_inductor/graph.py:2371] [3/0] [__output_code] import random
V0811 18:11:46.784000 1217780 torch/_inductor/graph.py:2371] [3/0] [__output_code] import os
V0811 18:11:46.784000 1217780 torch/_inductor/graph.py:2371] [3/0] [__output_code] import tempfile
V0811 18:11:46.784000 1217780 torch/_inductor/graph.py:2371] [3/0] [__output_code] from math import inf, nan
V0811 18:11:46.784000 1217780 torch/_inductor/graph.py:2371] [3/0] [__output_code] from cmath import nanj
V0811 18:11:46.784000 1217780 torch/_inductor/graph.py:2371] [3/0] [__output_code] from torch._inductor.hooks import run_intermediate_hooks
V0811 18:11:46.784000 1217780 torch/_inductor/graph.py:2371] [3/0] [__output_code] from torch._inductor.utils import maybe_profile
V0811 18:11:46.784000 1217780 torch/_inductor/graph.py:2371] [3/0] [__output_code] from torch._inductor.codegen.memory_planning import _align as align
V0811 18:11:46.784000 1217780 torch/_inductor/graph.py:2371] [3/0] [__output_code] from torch import device, empty_strided
V0811 18:11:46.784000 1217780 torch/_inductor/graph.py:2371] [3/0] [__output_code] from torch._inductor.async_compile import AsyncCompile
V0811 18:11:46.784000 1217780 torch/_inductor/graph.py:2371] [3/0] [__output_code] from torch._inductor.select_algorithm import extern_kernels
V0811 18:11:46.784000 1217780 torch/_inductor/graph.py:2371] [3/0] [__output_code] import triton
V0811 18:11:46.784000 1217780 torch/_inductor/graph.py:2371] [3/0] [__output_code] import triton.language as tl
V0811 18:11:46.784000 1217780 torch/_inductor/graph.py:2371] [3/0] [__output_code] from torch._inductor.runtime.triton_heuristics import start_graph, end_graph
V0811 18:11:46.784000 1217780 torch/_inductor/graph.py:2371] [3/0] [__output_code] from torch._C import _cuda_getCurrentRawStream as get_raw_stream
V0811 18:11:46.784000 1217780 torch/_inductor/graph.py:2371] [3/0] [__output_code] 
V0811 18:11:46.784000 1217780 torch/_inductor/graph.py:2371] [3/0] [__output_code] aten = torch.ops.aten
V0811 18:11:46.784000 1217780 torch/_inductor/graph.py:2371] [3/0] [__output_code] inductor_ops = torch.ops.inductor
V0811 18:11:46.784000 1217780 torch/_inductor/graph.py:2371] [3/0] [__output_code] _quantized = torch.ops._quantized
V0811 18:11:46.784000 1217780 torch/_inductor/graph.py:2371] [3/0] [__output_code] assert_size_stride = torch._C._dynamo.guards.assert_size_stride
V0811 18:11:46.784000 1217780 torch/_inductor/graph.py:2371] [3/0] [__output_code] assert_alignment = torch._C._dynamo.guards.assert_alignment
V0811 18:11:46.784000 1217780 torch/_inductor/graph.py:2371] [3/0] [__output_code] empty_strided_cpu = torch._C._dynamo.guards._empty_strided_cpu
V0811 18:11:46.784000 1217780 torch/_inductor/graph.py:2371] [3/0] [__output_code] empty_strided_cpu_pinned = torch._C._dynamo.guards._empty_strided_cpu_pinned
V0811 18:11:46.784000 1217780 torch/_inductor/graph.py:2371] [3/0] [__output_code] empty_strided_cuda = torch._C._dynamo.guards._empty_strided_cuda
V0811 18:11:46.784000 1217780 torch/_inductor/graph.py:2371] [3/0] [__output_code] empty_strided_xpu = torch._C._dynamo.guards._empty_strided_xpu
V0811 18:11:46.784000 1217780 torch/_inductor/graph.py:2371] [3/0] [__output_code] empty_strided_mtia = torch._C._dynamo.guards._empty_strided_mtia
V0811 18:11:46.784000 1217780 torch/_inductor/graph.py:2371] [3/0] [__output_code] reinterpret_tensor = torch._C._dynamo.guards._reinterpret_tensor
V0811 18:11:46.784000 1217780 torch/_inductor/graph.py:2371] [3/0] [__output_code] alloc_from_pool = torch.ops.inductor._alloc_from_pool
V0811 18:11:46.784000 1217780 torch/_inductor/graph.py:2371] [3/0] [__output_code] async_compile = AsyncCompile()
V0811 18:11:46.784000 1217780 torch/_inductor/graph.py:2371] [3/0] [__output_code] empty_strided_p2p = torch._C._distributed_c10d._SymmetricMemory.empty_strided_p2p
V0811 18:11:46.784000 1217780 torch/_inductor/graph.py:2371] [3/0] [__output_code] 
V0811 18:11:46.784000 1217780 torch/_inductor/graph.py:2371] [3/0] [__output_code] 
V0811 18:11:46.784000 1217780 torch/_inductor/graph.py:2371] [3/0] [__output_code] # kernel path: /tmp/ind_fresh_v1/jo/cjolwdwncmfel4pa2bojh3jjosypuxmnqpqvnhmfyw7i6yomg5bt.py
V0811 18:11:46.784000 1217780 torch/_inductor/graph.py:2371] [3/0] [__output_code] # Topologically Sorted Source Nodes: [cos, mul, x2, neg, x1, cat, sin, mul_1, q_embed], Original ATen: [aten.unsqueeze, aten.mul, aten.slice, aten.neg, aten.cat, aten.add]
V0811 18:11:46.784000 1217780 torch/_inductor/graph.py:2371] [3/0] [__output_code] # Source node to ATen node mapping:
V0811 18:11:46.784000 1217780 torch/_inductor/graph.py:2371] [3/0] [__output_code] #   cat => cat
V0811 18:11:46.784000 1217780 torch/_inductor/graph.py:2371] [3/0] [__output_code] #   cos => unsqueeze
V0811 18:11:46.784000 1217780 torch/_inductor/graph.py:2371] [3/0] [__output_code] #   mul => mul
V0811 18:11:46.784000 1217780 torch/_inductor/graph.py:2371] [3/0] [__output_code] #   mul_1 => mul_1
V0811 18:11:46.784000 1217780 torch/_inductor/graph.py:2371] [3/0] [__output_code] #   neg => neg
V0811 18:11:46.784000 1217780 torch/_inductor/graph.py:2371] [3/0] [__output_code] #   q_embed => add
V0811 18:11:46.784000 1217780 torch/_inductor/graph.py:2371] [3/0] [__output_code] #   sin => unsqueeze_1
V0811 18:11:46.784000 1217780 torch/_inductor/graph.py:2371] [3/0] [__output_code] #   x1 => slice_1
V0811 18:11:46.784000 1217780 torch/_inductor/graph.py:2371] [3/0] [__output_code] #   x2 => slice_2
V0811 18:11:46.784000 1217780 torch/_inductor/graph.py:2371] [3/0] [__output_code] # Graph fragment:
V0811 18:11:46.784000 1217780 torch/_inductor/graph.py:2371] [3/0] [__output_code] #   %arg2_1 : Tensor "f32[8, 32, 128, 128][524288, 128, 4096, 1]cuda:0" = PlaceHolder[target=arg2_1]
V0811 18:11:46.784000 1217780 torch/_inductor/graph.py:2371] [3/0] [__output_code] #   %arg0_1 : Tensor "f32[8, 128, 128][16384, 128, 1]cuda:0" = PlaceHolder[target=arg0_1]
V0811 18:11:46.784000 1217780 torch/_inductor/graph.py:2371] [3/0] [__output_code] #   %arg1_1 : Tensor "f32[8, 128, 128][16384, 128, 1]cuda:0" = PlaceHolder[target=arg1_1]
V0811 18:11:46.784000 1217780 torch/_inductor/graph.py:2371] [3/0] [__output_code] #   %unsqueeze : Tensor "f32[8, 1, 128, 128][16384, 16384, 128, 1]cuda:0"[num_users=2] = call_function[target=torch.ops.aten.unsqueeze.default](args = (%arg0_1, 1), kwargs = {})
V0811 18:11:46.784000 1217780 torch/_inductor/graph.py:2371] [3/0] [__output_code] #   %mul : Tensor "f32[8, 32, 128, 128][524288, 128, 4096, 1]cuda:0"[num_users=1] = call_function[target=torch.ops.aten.mul.Tensor](args = (%arg2_1, %unsqueeze), kwargs = {})
V0811 18:11:46.784000 1217780 torch/_inductor/graph.py:2371] [3/0] [__output_code] #   %slice_2 : Tensor "f32[8, 32, 128, 64][524288, 128, 4096, 1]cuda:0"[num_users=1] = call_function[target=torch.ops.aten.slice.Tensor](args = (%arg2_1, 3, 64, 9223372036854775807), kwargs = {})
V0811 18:11:46.784000 1217780 torch/_inductor/graph.py:2371] [3/0] [__output_code] #   %neg : Tensor "f32[8, 32, 128, 64][262144, 64, 2048, 1]cuda:0"[num_users=1] = call_function[target=torch.ops.aten.neg.default](args = (%slice_2,), kwargs = {})
V0811 18:11:46.784000 1217780 torch/_inductor/graph.py:2371] [3/0] [__output_code] #   %slice_1 : Tensor "f32[8, 32, 128, 64][524288, 128, 4096, 1]cuda:0"[num_users=1] = call_function[target=torch.ops.aten.slice.Tensor](args = (%arg2_1, 3, 0, 64), kwargs = {})
V0811 18:11:46.784000 1217780 torch/_inductor/graph.py:2371] [3/0] [__output_code] #   %cat : Tensor "f32[8, 32, 128, 128][524288, 16384, 128, 1]cuda:0"[num_users=1] = call_function[target=torch.ops.aten.cat.default](args = ([%neg, %slice_1], -1), kwargs = {})
V0811 18:11:46.784000 1217780 torch/_inductor/graph.py:2371] [3/0] [__output_code] #   %unsqueeze_1 : Tensor "f32[8, 1, 128, 128][16384, 16384, 128, 1]cuda:0"[num_users=2] = call_function[target=torch.ops.aten.unsqueeze.default](args = (%arg1_1, 1), kwargs = {})
V0811 18:11:46.784000 1217780 torch/_inductor/graph.py:2371] [3/0] [__output_code] #   %mul_1 : Tensor "f32[8, 32, 128, 128][524288, 16384, 128, 1]cuda:0"[num_users=1] = call_function[target=torch.ops.aten.mul.Tensor](args = (%cat, %unsqueeze_1), kwargs = {})
V0811 18:11:46.784000 1217780 torch/_inductor/graph.py:2371] [3/0] [__output_code] #   %add : Tensor "f32[8, 32, 128, 128][524288, 128, 4096, 1]cuda:0"[num_users=1] = call_function[target=torch.ops.aten.add.Tensor](args = (%mul, %mul_1), kwargs = {})
V0811 18:11:46.784000 1217780 torch/_inductor/graph.py:2371] [3/0] [__output_code] #   return %add
V0811 18:11:46.784000 1217780 torch/_inductor/graph.py:2371] [3/0] [__output_code] triton_poi_fused_add_cat_mul_neg_slice_unsqueeze_0 = async_compile.triton('triton_poi_fused_add_cat_mul_neg_slice_unsqueeze_0', '''
V0811 18:11:46.784000 1217780 torch/_inductor/graph.py:2371] [3/0] [__output_code] import triton
V0811 18:11:46.784000 1217780 torch/_inductor/graph.py:2371] [3/0] [__output_code] import triton.language as tl
V0811 18:11:46.784000 1217780 torch/_inductor/graph.py:2371] [3/0] [__output_code] 
V0811 18:11:46.784000 1217780 torch/_inductor/graph.py:2371] [3/0] [__output_code] from torch._inductor.runtime import triton_helpers, triton_heuristics
V0811 18:11:46.784000 1217780 torch/_inductor/graph.py:2371] [3/0] [__output_code] from torch._inductor.runtime.triton_helpers import libdevice, math as tl_math
V0811 18:11:46.784000 1217780 torch/_inductor/graph.py:2371] [3/0] [__output_code] from torch._inductor.runtime.hints import AutotuneHint, ReductionHint, TileHint, DeviceProperties
V0811 18:11:46.784000 1217780 torch/_inductor/graph.py:2371] [3/0] [__output_code] triton_helpers.set_driver_to_gpu()
V0811 18:11:46.784000 1217780 torch/_inductor/graph.py:2371] [3/0] [__output_code] 
V0811 18:11:46.784000 1217780 torch/_inductor/graph.py:2371] [3/0] [__output_code] @triton_heuristics.pointwise(
V0811 18:11:46.784000 1217780 torch/_inductor/graph.py:2371] [3/0] [__output_code]     size_hints={'x': 4194304}, 
V0811 18:11:46.784000 1217780 torch/_inductor/graph.py:2371] [3/0] [__output_code]     filename=__file__,
V0811 18:11:46.784000 1217780 torch/_inductor/graph.py:2371] [3/0] [__output_code]     triton_meta={'signature': {'in_ptr0': '*fp32', 'in_ptr1': '*fp32', 'in_ptr2': '*fp32', 'out_ptr0': '*fp32', 'xnumel': 'i32', 'XBLOCK': 'constexpr'}, 'device': DeviceProperties(type='hip', index=0, multi_processor_count=256, cc='gfx950', major=9, regs_per_multiprocessor=131072, max_threads_per_multi_processor=2048, warp_size=64), 'constants': {}, 'configs': [{(0,): [['tt.divisibility', 16]], (1,): [['tt.divisibility', 16]], (2,): [['tt.divisibility', 16]], (3,): [['tt.divisibility', 16]], (4,): [['tt.divisibility', 16]]}]},
V0811 18:11:46.784000 1217780 torch/_inductor/graph.py:2371] [3/0] [__output_code]     inductor_meta={'grid_type': 'Grid1D', 'autotune_hints': set(), 'kernel_name': 'triton_poi_fused_add_cat_mul_neg_slice_unsqueeze_0', 'mutated_arg_names': [], 'optimize_mem': True, 'no_x_dim': False, 'num_load': 5, 'num_reduction': 0, 'backend_hash': '3B45B788E7A93FDBE6415415DDBAD4068A99A550D251B49B2716808341DC9BDD', 'are_deterministic_algorithms_enabled': False, 'assert_indirect_indexing': True, 'autotune_local_cache': True, 'autotune_pointwise': True, 'autotune_remote_cache': None, 'force_disable_caches': False, 'dynamic_scale_rblock': True, 'max_autotune': False, 'max_autotune_pointwise': False, 'min_split_scan_rblock': 256, 'spill_threshold': 32, 'store_cubin': False, 'is_hip': True, 'tiling_scores': {'x': 84934656}},
V0811 18:11:46.784000 1217780 torch/_inductor/graph.py:2371] [3/0] [__output_code]     min_elem_per_thread=0
V0811 18:11:46.784000 1217780 torch/_inductor/graph.py:2371] [3/0] [__output_code] )
V0811 18:11:46.784000 1217780 torch/_inductor/graph.py:2371] [3/0] [__output_code] @triton.jit
V0811 18:11:46.784000 1217780 torch/_inductor/graph.py:2371] [3/0] [__output_code] def triton_poi_fused_add_cat_mul_neg_slice_unsqueeze_0(in_ptr0, in_ptr1, in_ptr2, out_ptr0, xnumel, XBLOCK : tl.constexpr):
V0811 18:11:46.784000 1217780 torch/_inductor/graph.py:2371] [3/0] [__output_code]     xnumel = 4194304
V0811 18:11:46.784000 1217780 torch/_inductor/graph.py:2371] [3/0] [__output_code]     xoffset = tl.program_id(0) * XBLOCK
V0811 18:11:46.784000 1217780 torch/_inductor/graph.py:2371] [3/0] [__output_code]     xindex = xoffset + tl.arange(0, XBLOCK)[:]
V0811 18:11:46.784000 1217780 torch/_inductor/graph.py:2371] [3/0] [__output_code]     xmask = tl.full([XBLOCK], True, tl.int1)
V0811 18:11:46.784000 1217780 torch/_inductor/graph.py:2371] [3/0] [__output_code]     x3 = xindex
V0811 18:11:46.784000 1217780 torch/_inductor/graph.py:2371] [3/0] [__output_code]     x0 = (xindex % 128)
V0811 18:11:46.784000 1217780 torch/_inductor/graph.py:2371] [3/0] [__output_code]     x2 = xindex // 4096
V0811 18:11:46.784000 1217780 torch/_inductor/graph.py:2371] [3/0] [__output_code]     x4 = xindex // 128
V0811 18:11:46.784000 1217780 torch/_inductor/graph.py:2371] [3/0] [__output_code]     tmp0 = tl.load(in_ptr0 + (x3), None)
V0811 18:11:46.784000 1217780 torch/_inductor/graph.py:2371] [3/0] [__output_code]     tmp1 = tl.load(in_ptr1 + (x0 + 128*x2), None, eviction_policy='evict_last')
V0811 18:11:46.784000 1217780 torch/_inductor/graph.py:2371] [3/0] [__output_code]     tmp19 = tl.load(in_ptr2 + (x0 + 128*x2), None, eviction_policy='evict_last')
V0811 18:11:46.784000 1217780 torch/_inductor/graph.py:2371] [3/0] [__output_code]     tmp2 = tmp0 * tmp1
V0811 18:11:46.784000 1217780 torch/_inductor/graph.py:2371] [3/0] [__output_code]     tmp3 = x0
V0811 18:11:46.784000 1217780 torch/_inductor/graph.py:2371] [3/0] [__output_code]     tmp4 = tl.full([1], 0, tl.int64)
V0811 18:11:46.784000 1217780 torch/_inductor/graph.py:2371] [3/0] [__output_code]     tmp5 = tmp3 >= tmp4
V0811 18:11:46.784000 1217780 torch/_inductor/graph.py:2371] [3/0] [__output_code]     tmp6 = tl.full([1], 64, tl.int64)
V0811 18:11:46.784000 1217780 torch/_inductor/graph.py:2371] [3/0] [__output_code]     tmp7 = tmp3 < tmp6
V0811 18:11:46.784000 1217780 torch/_inductor/graph.py:2371] [3/0] [__output_code]     tmp8 = tmp7.to(tl.int1)
V0811 18:11:46.784000 1217780 torch/_inductor/graph.py:2371] [3/0] [__output_code]     tmp9 = tl.load(in_ptr0 + (64 + 128*x4 + (x0)), tmp8, eviction_policy='evict_last', other=0.0)
V0811 18:11:46.784000 1217780 torch/_inductor/graph.py:2371] [3/0] [__output_code]     tmp10 = -tmp9
V0811 18:11:46.784000 1217780 torch/_inductor/graph.py:2371] [3/0] [__output_code]     tmp11 = tl.full(tmp10.shape, 0.0, tmp10.dtype)
V0811 18:11:46.784000 1217780 torch/_inductor/graph.py:2371] [3/0] [__output_code]     tmp12 = tl.where(tmp8, tmp10, tmp11)
V0811 18:11:46.784000 1217780 torch/_inductor/graph.py:2371] [3/0] [__output_code]     tmp13 = tmp3 >= tmp6
V0811 18:11:46.784000 1217780 torch/_inductor/graph.py:2371] [3/0] [__output_code]     tmp14 = tl.full([1], 128, tl.int64)
V0811 18:11:46.784000 1217780 torch/_inductor/graph.py:2371] [3/0] [__output_code]     tmp15 = tmp3 < tmp14
V0811 18:11:46.784000 1217780 torch/_inductor/graph.py:2371] [3/0] [__output_code]     tmp16 = tmp13.to(tl.int1)
V0811 18:11:46.784000 1217780 torch/_inductor/graph.py:2371] [3/0] [__output_code]     tmp17 = tl.load(in_ptr0 + (128*x4 + ((-64) + x0)), tmp16, eviction_policy='evict_last', other=0.0)
V0811 18:11:46.784000 1217780 torch/_inductor/graph.py:2371] [3/0] [__output_code]     tmp18 = tl.where(tmp7, tmp12, tmp17)
V0811 18:11:46.784000 1217780 torch/_inductor/graph.py:2371] [3/0] [__output_code]     tmp20 = tmp18 * tmp19
V0811 18:11:46.784000 1217780 torch/_inductor/graph.py:2371] [3/0] [__output_code]     tmp21 = tmp2 + tmp20
V0811 18:11:46.784000 1217780 torch/_inductor/graph.py:2371] [3/0] [__output_code]     tl.store(out_ptr0 + (x3), tmp21, None)
V0811 18:11:46.784000 1217780 torch/_inductor/graph.py:2371] [3/0] [__output_code] ''', device_str='cuda')
V0811 18:11:46.784000 1217780 torch/_inductor/graph.py:2371] [3/0] [__output_code] 
V0811 18:11:46.784000 1217780 torch/_inductor/graph.py:2371] [3/0] [__output_code] 
V0811 18:11:46.784000 1217780 torch/_inductor/graph.py:2371] [3/0] [__output_code] # kernel path: /tmp/ind_fresh_v1/57/c57hpol3ejvuuqtgxyggrtt7hkhj7bpe5cnnyqpn6b4o3mftppju.py
V0811 18:11:46.784000 1217780 torch/_inductor/graph.py:2371] [3/0] [__output_code] # Topologically Sorted Source Nodes: [cos, sin, mul_2, x2_1, neg_1, x1_1, cat_1, mul_3, k_embed], Original ATen: [aten.unsqueeze, aten.mul, aten.slice, aten.neg, aten.cat, aten.add]
V0811 18:11:46.784000 1217780 torch/_inductor/graph.py:2371] [3/0] [__output_code] # Source node to ATen node mapping:
V0811 18:11:46.784000 1217780 torch/_inductor/graph.py:2371] [3/0] [__output_code] #   cat_1 => cat_1
V0811 18:11:46.784000 1217780 torch/_inductor/graph.py:2371] [3/0] [__output_code] #   cos => unsqueeze
V0811 18:11:46.784000 1217780 torch/_inductor/graph.py:2371] [3/0] [__output_code] #   k_embed => add_1
V0811 18:11:46.784000 1217780 torch/_inductor/graph.py:2371] [3/0] [__output_code] #   mul_2 => mul_2
V0811 18:11:46.784000 1217780 torch/_inductor/graph.py:2371] [3/0] [__output_code] #   mul_3 => mul_3
V0811 18:11:46.784000 1217780 torch/_inductor/graph.py:2371] [3/0] [__output_code] #   neg_1 => neg_1
V0811 18:11:46.784000 1217780 torch/_inductor/graph.py:2371] [3/0] [__output_code] #   sin => unsqueeze_1
V0811 18:11:46.784000 1217780 torch/_inductor/graph.py:2371] [3/0] [__output_code] #   x1_1 => slice_3
V0811 18:11:46.784000 1217780 torch/_inductor/graph.py:2371] [3/0] [__output_code] #   x2_1 => slice_4
V0811 18:11:46.784000 1217780 torch/_inductor/graph.py:2371] [3/0] [__output_code] # Graph fragment:
V0811 18:11:46.784000 1217780 torch/_inductor/graph.py:2371] [3/0] [__output_code] #   %arg3_1 : Tensor "f32[8, 4, 128, 128][65536, 128, 512, 1]cuda:0" = PlaceHolder[target=arg3_1]
V0811 18:11:46.784000 1217780 torch/_inductor/graph.py:2371] [3/0] [__output_code] #   %arg0_1 : Tensor "f32[8, 128, 128][16384, 128, 1]cuda:0" = PlaceHolder[target=arg0_1]
V0811 18:11:46.784000 1217780 torch/_inductor/graph.py:2371] [3/0] [__output_code] #   %arg1_1 : Tensor "f32[8, 128, 128][16384, 128, 1]cuda:0" = PlaceHolder[target=arg1_1]
V0811 18:11:46.784000 1217780 torch/_inductor/graph.py:2371] [3/0] [__output_code] #   %unsqueeze : Tensor "f32[8, 1, 128, 128][16384, 16384, 128, 1]cuda:0"[num_users=2] = call_function[target=torch.ops.aten.unsqueeze.default](args = (%arg0_1, 1), kwargs = {})
V0811 18:11:46.784000 1217780 torch/_inductor/graph.py:2371] [3/0] [__output_code] #   %unsqueeze_1 : Tensor "f32[8, 1, 128, 128][16384, 16384, 128, 1]cuda:0"[num_users=2] = call_function[target=torch.ops.aten.unsqueeze.default](args = (%arg1_1, 1), kwargs = {})
V0811 18:11:46.784000 1217780 torch/_inductor/graph.py:2371] [3/0] [__output_code] #   %mul_2 : Tensor "f32[8, 4, 128, 128][65536, 128, 512, 1]cuda:0"[num_users=1] = call_function[target=torch.ops.aten.mul.Tensor](args = (%arg3_1, %unsqueeze), kwargs = {})
V0811 18:11:46.784000 1217780 torch/_inductor/graph.py:2371] [3/0] [__output_code] #   %slice_4 : Tensor "f32[8, 4, 128, 64][65536, 128, 512, 1]cuda:0"[num_users=1] = call_function[target=torch.ops.aten.slice.Tensor](args = (%arg3_1, 3, 64, 9223372036854775807), kwargs = {})
V0811 18:11:46.784000 1217780 torch/_inductor/graph.py:2371] [3/0] [__output_code] #   %neg_1 : Tensor "f32[8, 4, 128, 64][32768, 64, 256, 1]cuda:0"[num_users=1] = call_function[target=torch.ops.aten.neg.default](args = (%slice_4,), kwargs = {})
V0811 18:11:46.784000 1217780 torch/_inductor/graph.py:2371] [3/0] [__output_code] #   %slice_3 : Tensor "f32[8, 4, 128, 64][65536, 128, 512, 1]cuda:0"[num_users=1] = call_function[target=torch.ops.aten.slice.Tensor](args = (%arg3_1, 3, 0, 64), kwargs = {})
V0811 18:11:46.784000 1217780 torch/_inductor/graph.py:2371] [3/0] [__output_code] #   %cat_1 : Tensor "f32[8, 4, 128, 128][65536, 16384, 128, 1]cuda:0"[num_users=1] = call_function[target=torch.ops.aten.cat.default](args = ([%neg_1, %slice_3], -1), kwargs = {})
V0811 18:11:46.784000 1217780 torch/_inductor/graph.py:2371] [3/0] [__output_code] #   %mul_3 : Tensor "f32[8, 4, 128, 128][65536, 16384, 128, 1]cuda:0"[num_users=1] = call_function[target=torch.ops.aten.mul.Tensor](args = (%cat_1, %unsqueeze_1), kwargs = {})
V0811 18:11:46.784000 1217780 torch/_inductor/graph.py:2371] [3/0] [__output_code] #   %add_1 : Tensor "f32[8, 4, 128, 128][65536, 128, 512, 1]cuda:0"[num_users=1] = call_function[target=torch.ops.aten.add.Tensor](args = (%mul_2, %mul_3), kwargs = {})
V0811 18:11:46.784000 1217780 torch/_inductor/graph.py:2371] [3/0] [__output_code] #   return %add_1
V0811 18:11:46.784000 1217780 torch/_inductor/graph.py:2371] [3/0] [__output_code] triton_poi_fused_add_cat_mul_neg_slice_unsqueeze_1 = async_compile.triton('triton_poi_fused_add_cat_mul_neg_slice_unsqueeze_1', '''
V0811 18:11:46.784000 1217780 torch/_inductor/graph.py:2371] [3/0] [__output_code] import triton
V0811 18:11:46.784000 1217780 torch/_inductor/graph.py:2371] [3/0] [__output_code] import triton.language as tl
V0811 18:11:46.784000 1217780 torch/_inductor/graph.py:2371] [3/0] [__output_code] 
V0811 18:11:46.784000 1217780 torch/_inductor/graph.py:2371] [3/0] [__output_code] from torch._inductor.runtime import triton_helpers, triton_heuristics
V0811 18:11:46.784000 1217780 torch/_inductor/graph.py:2371] [3/0] [__output_code] from torch._inductor.runtime.triton_helpers import libdevice, math as tl_math
V0811 18:11:46.784000 1217780 torch/_inductor/graph.py:2371] [3/0] [__output_code] from torch._inductor.runtime.hints import AutotuneHint, ReductionHint, TileHint, DeviceProperties
V0811 18:11:46.784000 1217780 torch/_inductor/graph.py:2371] [3/0] [__output_code] triton_helpers.set_driver_to_gpu()
V0811 18:11:46.784000 1217780 torch/_inductor/graph.py:2371] [3/0] [__output_code] 
V0811 18:11:46.784000 1217780 torch/_inductor/graph.py:2371] [3/0] [__output_code] @triton_heuristics.pointwise(
V0811 18:11:46.784000 1217780 torch/_inductor/graph.py:2371] [3/0] [__output_code]     size_hints={'x': 524288}, 
V0811 18:11:46.784000 1217780 torch/_inductor/graph.py:2371] [3/0] [__output_code]     filename=__file__,
V0811 18:11:46.784000 1217780 torch/_inductor/graph.py:2371] [3/0] [__output_code]     triton_meta={'signature': {'in_ptr0': '*fp32', 'in_ptr1': '*fp32', 'in_ptr2': '*fp32', 'out_ptr0': '*fp32', 'xnumel': 'i32', 'XBLOCK': 'constexpr'}, 'device': DeviceProperties(type='hip', index=0, multi_processor_count=256, cc='gfx950', major=9, regs_per_multiprocessor=131072, max_threads_per_multi_processor=2048, warp_size=64), 'constants': {}, 'configs': [{(0,): [['tt.divisibility', 16]], (1,): [['tt.divisibility', 16]], (2,): [['tt.divisibility', 16]], (3,): [['tt.divisibility', 16]], (4,): [['tt.divisibility', 16]]}]},
V0811 18:11:46.784000 1217780 torch/_inductor/graph.py:2371] [3/0] [__output_code]     inductor_meta={'grid_type': 'Grid1D', 'autotune_hints': set(), 'kernel_name': 'triton_poi_fused_add_cat_mul_neg_slice_unsqueeze_1', 'mutated_arg_names': [], 'optimize_mem': True, 'no_x_dim': False, 'num_load': 5, 'num_reduction': 0, 'backend_hash': '3B45B788E7A93FDBE6415415DDBAD4068A99A550D251B49B2716808341DC9BDD', 'are_deterministic_algorithms_enabled': False, 'assert_indirect_indexing': True, 'autotune_local_cache': True, 'autotune_pointwise': True, 'autotune_remote_cache': None, 'force_disable_caches': False, 'dynamic_scale_rblock': True, 'max_autotune': False, 'max_autotune_pointwise': False, 'min_split_scan_rblock': 256, 'spill_threshold': 32, 'store_cubin': False, 'is_hip': True, 'tiling_scores': {'x': 11534336}},
V0811 18:11:46.784000 1217780 torch/_inductor/graph.py:2371] [3/0] [__output_code]     min_elem_per_thread=0
V0811 18:11:46.784000 1217780 torch/_inductor/graph.py:2371] [3/0] [__output_code] )
V0811 18:11:46.784000 1217780 torch/_inductor/graph.py:2371] [3/0] [__output_code] @triton.jit
V0811 18:11:46.784000 1217780 torch/_inductor/graph.py:2371] [3/0] [__output_code] def triton_poi_fused_add_cat_mul_neg_slice_unsqueeze_1(in_ptr0, in_ptr1, in_ptr2, out_ptr0, xnumel, XBLOCK : tl.constexpr):
V0811 18:11:46.784000 1217780 torch/_inductor/graph.py:2371] [3/0] [__output_code]     xnumel = 524288
V0811 18:11:46.784000 1217780 torch/_inductor/graph.py:2371] [3/0] [__output_code]     xoffset = tl.program_id(0) * XBLOCK
V0811 18:11:46.784000 1217780 torch/_inductor/graph.py:2371] [3/0] [__output_code]     xindex = xoffset + tl.arange(0, XBLOCK)[:]
V0811 18:11:46.784000 1217780 torch/_inductor/graph.py:2371] [3/0] [__output_code]     xmask = tl.full([XBLOCK], True, tl.int1)
V0811 18:11:46.784000 1217780 torch/_inductor/graph.py:2371] [3/0] [__output_code]     x3 = xindex
V0811 18:11:46.784000 1217780 torch/_inductor/graph.py:2371] [3/0] [__output_code]     x0 = (xindex % 128)
V0811 18:11:46.784000 1217780 torch/_inductor/graph.py:2371] [3/0] [__output_code]     x2 = xindex // 512
V0811 18:11:46.784000 1217780 torch/_inductor/graph.py:2371] [3/0] [__output_code]     x4 = xindex // 128
V0811 18:11:46.784000 1217780 torch/_inductor/graph.py:2371] [3/0] [__output_code]     tmp0 = tl.load(in_ptr0 + (x3), None)
V0811 18:11:46.784000 1217780 torch/_inductor/graph.py:2371] [3/0] [__output_code]     tmp1 = tl.load(in_ptr1 + (x0 + 128*x2), None, eviction_policy='evict_last')
V0811 18:11:46.784000 1217780 torch/_inductor/graph.py:2371] [3/0] [__output_code]     tmp19 = tl.load(in_ptr2 + (x0 + 128*x2), None, eviction_policy='evict_last')
V0811 18:11:46.784000 1217780 torch/_inductor/graph.py:2371] [3/0] [__output_code]     tmp2 = tmp0 * tmp1
V0811 18:11:46.784000 1217780 torch/_inductor/graph.py:2371] [3/0] [__output_code]     tmp3 = x0
V0811 18:11:46.784000 1217780 torch/_inductor/graph.py:2371] [3/0] [__output_code]     tmp4 = tl.full([1], 0, tl.int64)
V0811 18:11:46.784000 1217780 torch/_inductor/graph.py:2371] [3/0] [__output_code]     tmp5 = tmp3 >= tmp4
V0811 18:11:46.784000 1217780 torch/_inductor/graph.py:2371] [3/0] [__output_code]     tmp6 = tl.full([1], 64, tl.int64)
V0811 18:11:46.784000 1217780 torch/_inductor/graph.py:2371] [3/0] [__output_code]     tmp7 = tmp3 < tmp6
V0811 18:11:46.784000 1217780 torch/_inductor/graph.py:2371] [3/0] [__output_code]     tmp8 = tmp7.to(tl.int1)
V0811 18:11:46.784000 1217780 torch/_inductor/graph.py:2371] [3/0] [__output_code]     tmp9 = tl.load(in_ptr0 + (64 + 128*x4 + (x0)), tmp8, eviction_policy='evict_last', other=0.0)
V0811 18:11:46.784000 1217780 torch/_inductor/graph.py:2371] [3/0] [__output_code]     tmp10 = -tmp9
V0811 18:11:46.784000 1217780 torch/_inductor/graph.py:2371] [3/0] [__output_code]     tmp11 = tl.full(tmp10.shape, 0.0, tmp10.dtype)
V0811 18:11:46.784000 1217780 torch/_inductor/graph.py:2371] [3/0] [__output_code]     tmp12 = tl.where(tmp8, tmp10, tmp11)
V0811 18:11:46.784000 1217780 torch/_inductor/graph.py:2371] [3/0] [__output_code]     tmp13 = tmp3 >= tmp6
V0811 18:11:46.784000 1217780 torch/_inductor/graph.py:2371] [3/0] [__output_code]     tmp14 = tl.full([1], 128, tl.int64)
V0811 18:11:46.784000 1217780 torch/_inductor/graph.py:2371] [3/0] [__output_code]     tmp15 = tmp3 < tmp14
V0811 18:11:46.784000 1217780 torch/_inductor/graph.py:2371] [3/0] [__output_code]     tmp16 = tmp13.to(tl.int1)
V0811 18:11:46.784000 1217780 torch/_inductor/graph.py:2371] [3/0] [__output_code]     tmp17 = tl.load(in_ptr0 + (128*x4 + ((-64) + x0)), tmp16, eviction_policy='evict_last', other=0.0)
V0811 18:11:46.784000 1217780 torch/_inductor/graph.py:2371] [3/0] [__output_code]     tmp18 = tl.where(tmp7, tmp12, tmp17)
V0811 18:11:46.784000 1217780 torch/_inductor/graph.py:2371] [3/0] [__output_code]     tmp20 = tmp18 * tmp19
V0811 18:11:46.784000 1217780 torch/_inductor/graph.py:2371] [3/0] [__output_code]     tmp21 = tmp2 + tmp20
V0811 18:11:46.784000 1217780 torch/_inductor/graph.py:2371] [3/0] [__output_code]     tl.store(out_ptr0 + (x3), tmp21, None)
V0811 18:11:46.784000 1217780 torch/_inductor/graph.py:2371] [3/0] [__output_code] ''', device_str='cuda')
V0811 18:11:46.784000 1217780 torch/_inductor/graph.py:2371] [3/0] [__output_code] 
V0811 18:11:46.784000 1217780 torch/_inductor/graph.py:2371] [3/0] [__output_code] 
V0811 18:11:46.784000 1217780 torch/_inductor/graph.py:2371] [3/0] [__output_code] async_compile.wait(globals())
V0811 18:11:46.784000 1217780 torch/_inductor/graph.py:2371] [3/0] [__output_code] del async_compile
V0811 18:11:46.784000 1217780 torch/_inductor/graph.py:2371] [3/0] [__output_code] 
V0811 18:11:46.784000 1217780 torch/_inductor/graph.py:2371] [3/0] [__output_code] class Runner:
V0811 18:11:46.784000 1217780 torch/_inductor/graph.py:2371] [3/0] [__output_code]     def __init__(self, partitions):
V0811 18:11:46.784000 1217780 torch/_inductor/graph.py:2371] [3/0] [__output_code]         self.partitions = partitions
V0811 18:11:46.784000 1217780 torch/_inductor/graph.py:2371] [3/0] [__output_code] 
V0811 18:11:46.784000 1217780 torch/_inductor/graph.py:2371] [3/0] [__output_code]     def recursively_apply_fns(self, fns):
V0811 18:11:46.784000 1217780 torch/_inductor/graph.py:2371] [3/0] [__output_code]         new_callables = []
V0811 18:11:46.784000 1217780 torch/_inductor/graph.py:2371] [3/0] [__output_code]         for fn, c in zip(fns, self.partitions):
V0811 18:11:46.784000 1217780 torch/_inductor/graph.py:2371] [3/0] [__output_code]             new_callables.append(fn(c))
V0811 18:11:46.784000 1217780 torch/_inductor/graph.py:2371] [3/0] [__output_code]         self.partitions = new_callables
V0811 18:11:46.784000 1217780 torch/_inductor/graph.py:2371] [3/0] [__output_code] 
V0811 18:11:46.784000 1217780 torch/_inductor/graph.py:2371] [3/0] [__output_code]     def call(self, args):
V0811 18:11:46.784000 1217780 torch/_inductor/graph.py:2371] [3/0] [__output_code]         arg0_1, arg1_1, arg2_1, arg3_1 = args
V0811 18:11:46.784000 1217780 torch/_inductor/graph.py:2371] [3/0] [__output_code]         args.clear()
V0811 18:11:46.784000 1217780 torch/_inductor/graph.py:2371] [3/0] [__output_code]         assert_size_stride(arg0_1, (8, 128, 128), (16384, 128, 1))
V0811 18:11:46.784000 1217780 torch/_inductor/graph.py:2371] [3/0] [__output_code]         assert_size_stride(arg1_1, (8, 128, 128), (16384, 128, 1))
V0811 18:11:46.784000 1217780 torch/_inductor/graph.py:2371] [3/0] [__output_code]         assert_size_stride(arg2_1, (8, 32, 128, 128), (524288, 128, 4096, 1))
V0811 18:11:46.784000 1217780 torch/_inductor/graph.py:2371] [3/0] [__output_code]         assert_size_stride(arg3_1, (8, 4, 128, 128), (65536, 128, 512, 1))
V0811 18:11:46.784000 1217780 torch/_inductor/graph.py:2371] [3/0] [__output_code]         with torch.cuda._DeviceGuard(0):
V0811 18:11:46.784000 1217780 torch/_inductor/graph.py:2371] [3/0] [__output_code]             torch.cuda.set_device(0)
V0811 18:11:46.784000 1217780 torch/_inductor/graph.py:2371] [3/0] [__output_code]             buf0 = empty_strided_cuda((8, 32, 128, 128), (524288, 128, 4096, 1), torch.float32)
V0811 18:11:46.784000 1217780 torch/_inductor/graph.py:2371] [3/0] [__output_code]             # Topologically Sorted Source Nodes: [cos, mul, x2, neg, x1, cat, sin, mul_1, q_embed], Original ATen: [aten.unsqueeze, aten.mul, aten.slice, aten.neg, aten.cat, aten.add]
V0811 18:11:46.784000 1217780 torch/_inductor/graph.py:2371] [3/0] [__output_code]             stream0 = get_raw_stream(0)
V0811 18:11:46.784000 1217780 torch/_inductor/graph.py:2371] [3/0] [__output_code]             triton_poi_fused_add_cat_mul_neg_slice_unsqueeze_0.run(arg2_1, arg0_1, arg1_1, buf0, 4194304, stream=stream0)
V0811 18:11:46.784000 1217780 torch/_inductor/graph.py:2371] [3/0] [__output_code]             del arg2_1
V0811 18:11:46.784000 1217780 torch/_inductor/graph.py:2371] [3/0] [__output_code]             buf1 = empty_strided_cuda((8, 4, 128, 128), (65536, 128, 512, 1), torch.float32)
V0811 18:11:46.784000 1217780 torch/_inductor/graph.py:2371] [3/0] [__output_code]             # Topologically Sorted Source Nodes: [cos, sin, mul_2, x2_1, neg_1, x1_1, cat_1, mul_3, k_embed], Original ATen: [aten.unsqueeze, aten.mul, aten.slice, aten.neg, aten.cat, aten.add]
V0811 18:11:46.784000 1217780 torch/_inductor/graph.py:2371] [3/0] [__output_code]             stream0 = get_raw_stream(0)
V0811 18:11:46.784000 1217780 torch/_inductor/graph.py:2371] [3/0] [__output_code]             triton_poi_fused_add_cat_mul_neg_slice_unsqueeze_1.run(arg3_1, arg0_1, arg1_1, buf1, 524288, stream=stream0)
V0811 18:11:46.784000 1217780 torch/_inductor/graph.py:2371] [3/0] [__output_code]             del arg0_1
V0811 18:11:46.784000 1217780 torch/_inductor/graph.py:2371] [3/0] [__output_code]             del arg1_1
V0811 18:11:46.784000 1217780 torch/_inductor/graph.py:2371] [3/0] [__output_code]             del arg3_1
V0811 18:11:46.784000 1217780 torch/_inductor/graph.py:2371] [3/0] [__output_code]         return (buf0, buf1, )
V0811 18:11:46.784000 1217780 torch/_inductor/graph.py:2371] [3/0] [__output_code] 
V0811 18:11:46.784000 1217780 torch/_inductor/graph.py:2371] [3/0] [__output_code] runner = Runner(partitions=[])
V0811 18:11:46.784000 1217780 torch/_inductor/graph.py:2371] [3/0] [__output_code] call = runner.call
V0811 18:11:46.784000 1217780 torch/_inductor/graph.py:2371] [3/0] [__output_code] recursively_apply_fns = runner.recursively_apply_fns
V0811 18:11:46.784000 1217780 torch/_inductor/graph.py:2371] [3/0] [__output_code] 
V0811 18:11:46.784000 1217780 torch/_inductor/graph.py:2371] [3/0] [__output_code] 
V0811 18:11:46.784000 1217780 torch/_inductor/graph.py:2371] [3/0] [__output_code] def benchmark_compiled_module(times=10, repeat=10):
V0811 18:11:46.784000 1217780 torch/_inductor/graph.py:2371] [3/0] [__output_code]     from torch._dynamo.testing import rand_strided
V0811 18:11:46.784000 1217780 torch/_inductor/graph.py:2371] [3/0] [__output_code]     from torch._inductor.utils import print_performance
V0811 18:11:46.784000 1217780 torch/_inductor/graph.py:2371] [3/0] [__output_code]     arg0_1 = rand_strided((8, 128, 128), (16384, 128, 1), device='cuda:0', dtype=torch.float32)
V0811 18:11:46.784000 1217780 torch/_inductor/graph.py:2371] [3/0] [__output_code]     arg1_1 = rand_strided((8, 128, 128), (16384, 128, 1), device='cuda:0', dtype=torch.float32)
V0811 18:11:46.784000 1217780 torch/_inductor/graph.py:2371] [3/0] [__output_code]     arg2_1 = rand_strided((8, 32, 128, 128), (524288, 128, 4096, 1), device='cuda:0', dtype=torch.float32)
V0811 18:11:46.784000 1217780 torch/_inductor/graph.py:2371] [3/0] [__output_code]     arg3_1 = rand_strided((8, 4, 128, 128), (65536, 128, 512, 1), device='cuda:0', dtype=torch.float32)
V0811 18:11:46.784000 1217780 torch/_inductor/graph.py:2371] [3/0] [__output_code]     fn = lambda: call([arg0_1, arg1_1, arg2_1, arg3_1])
V0811 18:11:46.784000 1217780 torch/_inductor/graph.py:2371] [3/0] [__output_code]     return print_performance(fn, times=times, repeat=repeat)
V0811 18:11:46.784000 1217780 torch/_inductor/graph.py:2371] [3/0] [__output_code] 
V0811 18:11:46.784000 1217780 torch/_inductor/graph.py:2371] [3/0] [__output_code] 
V0811 18:11:46.784000 1217780 torch/_inductor/graph.py:2371] [3/0] [__output_code] if __name__ == "__main__":
V0811 18:11:46.784000 1217780 torch/_inductor/graph.py:2371] [3/0] [__output_code]     from torch._inductor.wrapper_benchmark import compiled_module_main
V0811 18:11:46.784000 1217780 torch/_inductor/graph.py:2371] [3/0] [__output_code]     compiled_module_main('None', benchmark_compiled_module)
V0811 18:11:46.784000 1217780 torch/_inductor/graph.py:2371] [3/0] [__output_code] 
V0811 18:11:46.785000 1217780 torch/_inductor/graph.py:2382] [3/0] [__output_code] Output code written to: /tmp/ind_fresh_v1/cw/ccwa2bjbwhgchlvcfo63r6lq3ztq37xfx2n4wpxy6g4rnj2w5uij.py
I0811 18:11:47.533000 1217780 torch/_inductor/graph.py:2343] [3/0] [__output_code] Output code written to: /tmp/ind_fresh_v1/cw/ccwa2bjbwhgchlvcfo63r6lq3ztq37xfx2n4wpxy6g4rnj2w5uij.py
V0811 18:11:47.675000 1217780 torch/_inductor/graph.py:2371] [4/0] [__output_code] Output code: 
V0811 18:11:47.675000 1217780 torch/_inductor/graph.py:2371] [4/0] [__output_code] # AOT ID: ['4_inference']
V0811 18:11:47.675000 1217780 torch/_inductor/graph.py:2371] [4/0] [__output_code] from ctypes import c_void_p, c_long, c_int
V0811 18:11:47.675000 1217780 torch/_inductor/graph.py:2371] [4/0] [__output_code] import torch
V0811 18:11:47.675000 1217780 torch/_inductor/graph.py:2371] [4/0] [__output_code] import math
V0811 18:11:47.675000 1217780 torch/_inductor/graph.py:2371] [4/0] [__output_code] import random
V0811 18:11:47.675000 1217780 torch/_inductor/graph.py:2371] [4/0] [__output_code] import os
V0811 18:11:47.675000 1217780 torch/_inductor/graph.py:2371] [4/0] [__output_code] import tempfile
V0811 18:11:47.675000 1217780 torch/_inductor/graph.py:2371] [4/0] [__output_code] from math import inf, nan
V0811 18:11:47.675000 1217780 torch/_inductor/graph.py:2371] [4/0] [__output_code] from cmath import nanj
V0811 18:11:47.675000 1217780 torch/_inductor/graph.py:2371] [4/0] [__output_code] from torch._inductor.hooks import run_intermediate_hooks
V0811 18:11:47.675000 1217780 torch/_inductor/graph.py:2371] [4/0] [__output_code] from torch._inductor.utils import maybe_profile
V0811 18:11:47.675000 1217780 torch/_inductor/graph.py:2371] [4/0] [__output_code] from torch._inductor.codegen.memory_planning import _align as align
V0811 18:11:47.675000 1217780 torch/_inductor/graph.py:2371] [4/0] [__output_code] from torch import device, empty_strided
V0811 18:11:47.675000 1217780 torch/_inductor/graph.py:2371] [4/0] [__output_code] from torch._inductor.async_compile import AsyncCompile
V0811 18:11:47.675000 1217780 torch/_inductor/graph.py:2371] [4/0] [__output_code] from torch._inductor.select_algorithm import extern_kernels
V0811 18:11:47.675000 1217780 torch/_inductor/graph.py:2371] [4/0] [__output_code] import triton
V0811 18:11:47.675000 1217780 torch/_inductor/graph.py:2371] [4/0] [__output_code] import triton.language as tl
V0811 18:11:47.675000 1217780 torch/_inductor/graph.py:2371] [4/0] [__output_code] from torch._inductor.runtime.triton_heuristics import start_graph, end_graph
V0811 18:11:47.675000 1217780 torch/_inductor/graph.py:2371] [4/0] [__output_code] from torch._C import _cuda_getCurrentRawStream as get_raw_stream
V0811 18:11:47.675000 1217780 torch/_inductor/graph.py:2371] [4/0] [__output_code] 
V0811 18:11:47.675000 1217780 torch/_inductor/graph.py:2371] [4/0] [__output_code] aten = torch.ops.aten
V0811 18:11:47.675000 1217780 torch/_inductor/graph.py:2371] [4/0] [__output_code] inductor_ops = torch.ops.inductor
V0811 18:11:47.675000 1217780 torch/_inductor/graph.py:2371] [4/0] [__output_code] _quantized = torch.ops._quantized
V0811 18:11:47.675000 1217780 torch/_inductor/graph.py:2371] [4/0] [__output_code] assert_size_stride = torch._C._dynamo.guards.assert_size_stride
V0811 18:11:47.675000 1217780 torch/_inductor/graph.py:2371] [4/0] [__output_code] assert_alignment = torch._C._dynamo.guards.assert_alignment
V0811 18:11:47.675000 1217780 torch/_inductor/graph.py:2371] [4/0] [__output_code] empty_strided_cpu = torch._C._dynamo.guards._empty_strided_cpu
V0811 18:11:47.675000 1217780 torch/_inductor/graph.py:2371] [4/0] [__output_code] empty_strided_cpu_pinned = torch._C._dynamo.guards._empty_strided_cpu_pinned
V0811 18:11:47.675000 1217780 torch/_inductor/graph.py:2371] [4/0] [__output_code] empty_strided_cuda = torch._C._dynamo.guards._empty_strided_cuda
V0811 18:11:47.675000 1217780 torch/_inductor/graph.py:2371] [4/0] [__output_code] empty_strided_xpu = torch._C._dynamo.guards._empty_strided_xpu
V0811 18:11:47.675000 1217780 torch/_inductor/graph.py:2371] [4/0] [__output_code] empty_strided_mtia = torch._C._dynamo.guards._empty_strided_mtia
V0811 18:11:47.675000 1217780 torch/_inductor/graph.py:2371] [4/0] [__output_code] reinterpret_tensor = torch._C._dynamo.guards._reinterpret_tensor
V0811 18:11:47.675000 1217780 torch/_inductor/graph.py:2371] [4/0] [__output_code] alloc_from_pool = torch.ops.inductor._alloc_from_pool
V0811 18:11:47.675000 1217780 torch/_inductor/graph.py:2371] [4/0] [__output_code] async_compile = AsyncCompile()
V0811 18:11:47.675000 1217780 torch/_inductor/graph.py:2371] [4/0] [__output_code] empty_strided_p2p = torch._C._distributed_c10d._SymmetricMemory.empty_strided_p2p
V0811 18:11:47.675000 1217780 torch/_inductor/graph.py:2371] [4/0] [__output_code] 
V0811 18:11:47.675000 1217780 torch/_inductor/graph.py:2371] [4/0] [__output_code] 
V0811 18:11:47.675000 1217780 torch/_inductor/graph.py:2371] [4/0] [__output_code] # kernel path: /tmp/ind_fresh_v1/6g/c6gm7npq6qyccbwwskjla5toiqxrpvtncx7qgk5y3y5e7ndzlto3.py
V0811 18:11:47.675000 1217780 torch/_inductor/graph.py:2371] [4/0] [__output_code] # Topologically Sorted Source Nodes: [getitem, hidden_states, reshape], Original ATen: [aten.unsqueeze, aten.expand, aten.clone]
V0811 18:11:47.675000 1217780 torch/_inductor/graph.py:2371] [4/0] [__output_code] # Source node to ATen node mapping:
V0811 18:11:47.675000 1217780 torch/_inductor/graph.py:2371] [4/0] [__output_code] #   getitem => unsqueeze
V0811 18:11:47.675000 1217780 torch/_inductor/graph.py:2371] [4/0] [__output_code] #   hidden_states => expand
V0811 18:11:47.675000 1217780 torch/_inductor/graph.py:2371] [4/0] [__output_code] #   reshape => clone
V0811 18:11:47.675000 1217780 torch/_inductor/graph.py:2371] [4/0] [__output_code] # Graph fragment:
V0811 18:11:47.675000 1217780 torch/_inductor/graph.py:2371] [4/0] [__output_code] #   %arg0_1 : Tensor "f32[8, 4, 128, 128][65536, 128, 512, 1]cuda:0" = PlaceHolder[target=arg0_1]
V0811 18:11:47.675000 1217780 torch/_inductor/graph.py:2371] [4/0] [__output_code] #   %unsqueeze : Tensor "f32[8, 4, 1, 128, 128][65536, 128, 65536, 512, 1]cuda:0"[num_users=1] = call_function[target=torch.ops.aten.unsqueeze.default](args = (%arg0_1, 2), kwargs = {})
V0811 18:11:47.675000 1217780 torch/_inductor/graph.py:2371] [4/0] [__output_code] #   %expand : Tensor "f32[8, 4, 8, 128, 128][65536, 128, 0, 512, 1]cuda:0"[num_users=1] = call_function[target=torch.ops.aten.expand.default](args = (%unsqueeze, [8, 4, 8, 128, 128]), kwargs = {})
V0811 18:11:47.675000 1217780 torch/_inductor/graph.py:2371] [4/0] [__output_code] #   %clone : Tensor "f32[8, 4, 8, 128, 128][524288, 131072, 16384, 128, 1]cuda:0"[num_users=1] = call_function[target=torch.ops.aten.clone.default](args = (%expand,), kwargs = {memory_format: torch.contiguous_format})
V0811 18:11:47.675000 1217780 torch/_inductor/graph.py:2371] [4/0] [__output_code] #   return %clone
V0811 18:11:47.675000 1217780 torch/_inductor/graph.py:2371] [4/0] [__output_code] triton_poi_fused_clone_expand_unsqueeze_0 = async_compile.triton('triton_poi_fused_clone_expand_unsqueeze_0', '''
V0811 18:11:47.675000 1217780 torch/_inductor/graph.py:2371] [4/0] [__output_code] import triton
V0811 18:11:47.675000 1217780 torch/_inductor/graph.py:2371] [4/0] [__output_code] import triton.language as tl
V0811 18:11:47.675000 1217780 torch/_inductor/graph.py:2371] [4/0] [__output_code] 
V0811 18:11:47.675000 1217780 torch/_inductor/graph.py:2371] [4/0] [__output_code] from torch._inductor.runtime import triton_helpers, triton_heuristics
V0811 18:11:47.675000 1217780 torch/_inductor/graph.py:2371] [4/0] [__output_code] from torch._inductor.runtime.triton_helpers import libdevice, math as tl_math
V0811 18:11:47.675000 1217780 torch/_inductor/graph.py:2371] [4/0] [__output_code] from torch._inductor.runtime.hints import AutotuneHint, ReductionHint, TileHint, DeviceProperties
V0811 18:11:47.675000 1217780 torch/_inductor/graph.py:2371] [4/0] [__output_code] triton_helpers.set_driver_to_gpu()
V0811 18:11:47.675000 1217780 torch/_inductor/graph.py:2371] [4/0] [__output_code] 
V0811 18:11:47.675000 1217780 torch/_inductor/graph.py:2371] [4/0] [__output_code] @triton_heuristics.pointwise(
V0811 18:11:47.675000 1217780 torch/_inductor/graph.py:2371] [4/0] [__output_code]     size_hints={'x': 4194304}, 
V0811 18:11:47.675000 1217780 torch/_inductor/graph.py:2371] [4/0] [__output_code]     filename=__file__,
V0811 18:11:47.675000 1217780 torch/_inductor/graph.py:2371] [4/0] [__output_code]     triton_meta={'signature': {'in_ptr0': '*fp32', 'out_ptr0': '*fp32', 'xnumel': 'i32', 'XBLOCK': 'constexpr'}, 'device': DeviceProperties(type='hip', index=0, multi_processor_count=256, cc='gfx950', major=9, regs_per_multiprocessor=131072, max_threads_per_multi_processor=2048, warp_size=64), 'constants': {}, 'configs': [{(0,): [['tt.divisibility', 16]], (1,): [['tt.divisibility', 16]], (2,): [['tt.divisibility', 16]]}]},
V0811 18:11:47.675000 1217780 torch/_inductor/graph.py:2371] [4/0] [__output_code]     inductor_meta={'grid_type': 'Grid1D', 'autotune_hints': set(), 'kernel_name': 'triton_poi_fused_clone_expand_unsqueeze_0', 'mutated_arg_names': [], 'optimize_mem': True, 'no_x_dim': False, 'num_load': 1, 'num_reduction': 0, 'backend_hash': '3B45B788E7A93FDBE6415415DDBAD4068A99A550D251B49B2716808341DC9BDD', 'are_deterministic_algorithms_enabled': False, 'assert_indirect_indexing': True, 'autotune_local_cache': True, 'autotune_pointwise': True, 'autotune_remote_cache': None, 'force_disable_caches': False, 'dynamic_scale_rblock': True, 'max_autotune': False, 'max_autotune_pointwise': False, 'min_split_scan_rblock': 256, 'spill_threshold': 32, 'store_cubin': False, 'is_hip': True, 'tiling_scores': {'x': 35651584}},
V0811 18:11:47.675000 1217780 torch/_inductor/graph.py:2371] [4/0] [__output_code]     min_elem_per_thread=0
V0811 18:11:47.675000 1217780 torch/_inductor/graph.py:2371] [4/0] [__output_code] )
V0811 18:11:47.675000 1217780 torch/_inductor/graph.py:2371] [4/0] [__output_code] @triton.jit
V0811 18:11:47.675000 1217780 torch/_inductor/graph.py:2371] [4/0] [__output_code] def triton_poi_fused_clone_expand_unsqueeze_0(in_ptr0, out_ptr0, xnumel, XBLOCK : tl.constexpr):
V0811 18:11:47.675000 1217780 torch/_inductor/graph.py:2371] [4/0] [__output_code]     xnumel = 4194304
V0811 18:11:47.675000 1217780 torch/_inductor/graph.py:2371] [4/0] [__output_code]     xoffset = tl.program_id(0) * XBLOCK
V0811 18:11:47.675000 1217780 torch/_inductor/graph.py:2371] [4/0] [__output_code]     xindex = xoffset + tl.arange(0, XBLOCK)[:]
V0811 18:11:47.675000 1217780 torch/_inductor/graph.py:2371] [4/0] [__output_code]     xmask = tl.full([XBLOCK], True, tl.int1)
V0811 18:11:47.675000 1217780 torch/_inductor/graph.py:2371] [4/0] [__output_code]     x0 = (xindex % 128)
V0811 18:11:47.675000 1217780 torch/_inductor/graph.py:2371] [4/0] [__output_code]     x1 = ((xindex // 128) % 128)
V0811 18:11:47.675000 1217780 torch/_inductor/graph.py:2371] [4/0] [__output_code]     x3 = ((xindex // 131072) % 4)
V0811 18:11:47.675000 1217780 torch/_inductor/graph.py:2371] [4/0] [__output_code]     x4 = xindex // 524288
V0811 18:11:47.675000 1217780 torch/_inductor/graph.py:2371] [4/0] [__output_code]     x5 = xindex
V0811 18:11:47.675000 1217780 torch/_inductor/graph.py:2371] [4/0] [__output_code]     tmp0 = tl.load(in_ptr0 + (x0 + 128*x3 + 512*x1 + 65536*x4), None, eviction_policy='evict_last')
V0811 18:11:47.675000 1217780 torch/_inductor/graph.py:2371] [4/0] [__output_code]     tl.store(out_ptr0 + (x5), tmp0, None)
V0811 18:11:47.675000 1217780 torch/_inductor/graph.py:2371] [4/0] [__output_code] ''', device_str='cuda')
V0811 18:11:47.675000 1217780 torch/_inductor/graph.py:2371] [4/0] [__output_code] 
V0811 18:11:47.675000 1217780 torch/_inductor/graph.py:2371] [4/0] [__output_code] 
V0811 18:11:47.675000 1217780 torch/_inductor/graph.py:2371] [4/0] [__output_code] async_compile.wait(globals())
V0811 18:11:47.675000 1217780 torch/_inductor/graph.py:2371] [4/0] [__output_code] del async_compile
V0811 18:11:47.675000 1217780 torch/_inductor/graph.py:2371] [4/0] [__output_code] 
V0811 18:11:47.675000 1217780 torch/_inductor/graph.py:2371] [4/0] [__output_code] class Runner:
V0811 18:11:47.675000 1217780 torch/_inductor/graph.py:2371] [4/0] [__output_code]     def __init__(self, partitions):
V0811 18:11:47.675000 1217780 torch/_inductor/graph.py:2371] [4/0] [__output_code]         self.partitions = partitions
V0811 18:11:47.675000 1217780 torch/_inductor/graph.py:2371] [4/0] [__output_code] 
V0811 18:11:47.675000 1217780 torch/_inductor/graph.py:2371] [4/0] [__output_code]     def recursively_apply_fns(self, fns):
V0811 18:11:47.675000 1217780 torch/_inductor/graph.py:2371] [4/0] [__output_code]         new_callables = []
V0811 18:11:47.675000 1217780 torch/_inductor/graph.py:2371] [4/0] [__output_code]         for fn, c in zip(fns, self.partitions):
V0811 18:11:47.675000 1217780 torch/_inductor/graph.py:2371] [4/0] [__output_code]             new_callables.append(fn(c))
V0811 18:11:47.675000 1217780 torch/_inductor/graph.py:2371] [4/0] [__output_code]         self.partitions = new_callables
V0811 18:11:47.675000 1217780 torch/_inductor/graph.py:2371] [4/0] [__output_code] 
V0811 18:11:47.675000 1217780 torch/_inductor/graph.py:2371] [4/0] [__output_code]     def call(self, args):
V0811 18:11:47.675000 1217780 torch/_inductor/graph.py:2371] [4/0] [__output_code]         arg0_1, = args
V0811 18:11:47.675000 1217780 torch/_inductor/graph.py:2371] [4/0] [__output_code]         args.clear()
V0811 18:11:47.675000 1217780 torch/_inductor/graph.py:2371] [4/0] [__output_code]         assert_size_stride(arg0_1, (8, 4, 128, 128), (65536, 128, 512, 1))
V0811 18:11:47.675000 1217780 torch/_inductor/graph.py:2371] [4/0] [__output_code]         with torch.cuda._DeviceGuard(0):
V0811 18:11:47.675000 1217780 torch/_inductor/graph.py:2371] [4/0] [__output_code]             torch.cuda.set_device(0)
V0811 18:11:47.675000 1217780 torch/_inductor/graph.py:2371] [4/0] [__output_code]             buf0 = empty_strided_cuda((8, 4, 8, 128, 128), (524288, 131072, 16384, 128, 1), torch.float32)
V0811 18:11:47.675000 1217780 torch/_inductor/graph.py:2371] [4/0] [__output_code]             # Topologically Sorted Source Nodes: [getitem, hidden_states, reshape], Original ATen: [aten.unsqueeze, aten.expand, aten.clone]
V0811 18:11:47.675000 1217780 torch/_inductor/graph.py:2371] [4/0] [__output_code]             stream0 = get_raw_stream(0)
V0811 18:11:47.675000 1217780 torch/_inductor/graph.py:2371] [4/0] [__output_code]             triton_poi_fused_clone_expand_unsqueeze_0.run(arg0_1, buf0, 4194304, stream=stream0)
V0811 18:11:47.675000 1217780 torch/_inductor/graph.py:2371] [4/0] [__output_code]             del arg0_1
V0811 18:11:47.675000 1217780 torch/_inductor/graph.py:2371] [4/0] [__output_code]         return (reinterpret_tensor(buf0, (8, 32, 128, 128), (524288, 16384, 128, 1), 0), )
V0811 18:11:47.675000 1217780 torch/_inductor/graph.py:2371] [4/0] [__output_code] 
V0811 18:11:47.675000 1217780 torch/_inductor/graph.py:2371] [4/0] [__output_code] runner = Runner(partitions=[])
V0811 18:11:47.675000 1217780 torch/_inductor/graph.py:2371] [4/0] [__output_code] call = runner.call
V0811 18:11:47.675000 1217780 torch/_inductor/graph.py:2371] [4/0] [__output_code] recursively_apply_fns = runner.recursively_apply_fns
V0811 18:11:47.675000 1217780 torch/_inductor/graph.py:2371] [4/0] [__output_code] 
V0811 18:11:47.675000 1217780 torch/_inductor/graph.py:2371] [4/0] [__output_code] 
V0811 18:11:47.675000 1217780 torch/_inductor/graph.py:2371] [4/0] [__output_code] def benchmark_compiled_module(times=10, repeat=10):
V0811 18:11:47.675000 1217780 torch/_inductor/graph.py:2371] [4/0] [__output_code]     from torch._dynamo.testing import rand_strided
V0811 18:11:47.675000 1217780 torch/_inductor/graph.py:2371] [4/0] [__output_code]     from torch._inductor.utils import print_performance
V0811 18:11:47.675000 1217780 torch/_inductor/graph.py:2371] [4/0] [__output_code]     arg0_1 = rand_strided((8, 4, 128, 128), (65536, 128, 512, 1), device='cuda:0', dtype=torch.float32)
V0811 18:11:47.675000 1217780 torch/_inductor/graph.py:2371] [4/0] [__output_code]     fn = lambda: call([arg0_1])
V0811 18:11:47.675000 1217780 torch/_inductor/graph.py:2371] [4/0] [__output_code]     return print_performance(fn, times=times, repeat=repeat)
V0811 18:11:47.675000 1217780 torch/_inductor/graph.py:2371] [4/0] [__output_code] 
V0811 18:11:47.675000 1217780 torch/_inductor/graph.py:2371] [4/0] [__output_code] 
V0811 18:11:47.675000 1217780 torch/_inductor/graph.py:2371] [4/0] [__output_code] if __name__ == "__main__":
V0811 18:11:47.675000 1217780 torch/_inductor/graph.py:2371] [4/0] [__output_code]     from torch._inductor.wrapper_benchmark import compiled_module_main
V0811 18:11:47.675000 1217780 torch/_inductor/graph.py:2371] [4/0] [__output_code]     compiled_module_main('None', benchmark_compiled_module)
V0811 18:11:47.675000 1217780 torch/_inductor/graph.py:2371] [4/0] [__output_code] 
V0811 18:11:47.676000 1217780 torch/_inductor/graph.py:2382] [4/0] [__output_code] Output code written to: /tmp/ind_fresh_v1/rw/crwsrd7feohm26zb4mwbwvxhymc6f24tivj3bwrofipbsxmv5dv2.py
I0811 18:11:48.100000 1217780 torch/_inductor/graph.py:2343] [4/0] [__output_code] Output code written to: /tmp/ind_fresh_v1/rw/crwsrd7feohm26zb4mwbwvxhymc6f24tivj3bwrofipbsxmv5dv2.py
3de37835 {'batch_size': 8, 'seq_len': 128}            atol=1.375e-07 rtol=1.192e-07 | e/e=0.000e+00 | c/e=5.245e-06 rel=8.131e+00 mr=0.418388 -> FAIL
